あいの風とやま鉄道,あいの風とやま鉄道
いすみ鉄道,いすみ鉄道
えちごトキめき鉄道,えちごトキめき鉄道妙高はねうまライン
えちごトキめき鉄道,えちごトキめき鉄道日本海ひすいライン
えちぜん鉄道,えちぜん鉄道三国芦原線
えちぜん鉄道,えちぜん鉄道三国芦原線急行
えちぜん鉄道,えちぜん鉄道勝山永平寺線
くま川鉄道,くま川鉄道
しなの鉄道,しなの鉄道北しなの線
しなの鉄道,しなの鉄道線(小諸-篠ノ井)
しなの鉄道,しなの鉄道線(軽井沢-小諸)
とさでん交通,とさでん交通伊野線
とさでん交通,とさでん交通市内線
とさでん交通,とさでん交通後免線
とさでん交通,とさでん交通桟橋線
のと鉄道,のと鉄道七尾線
ひたちなか海浜鉄道,ひたちなか海浜鉄道湊線
ゆりかもめ,ゆりかもめ
わたらせ渓谷鐵道,わたらせ渓谷鐵道
アルピコ交通,松本電鉄上高地線
スカイレールサービス,スカイレールサービス
プリンスホテル,箱根駒ケ岳ロープウェー
ラクテンチ,別府ラクテンチケーブルカー
一畑電車,一畑電車北松江線
一畑電車,一畑電車大社線
万葉線,万葉線
三岐鉄道,三岐鉄道三岐線
三岐鉄道,三岐鉄道北勢線
三陸鉄道,三陸鉄道リアス線
上信電鉄,上信電鉄
上毛電気鉄道,上毛電気鉄道
上田電鉄,上田電鉄別所線
下田ロープウェイ,下田ロープウェイ
中央バス観光開発,小樽天狗山ロープウエイ
井原鉄道,井原鉄道
京成電鉄,京成スカイライナー
京成電鉄,京成千原線
京成電鉄,京成千葉線
京成電鉄,京成成田スカイアクセス線アクセス特急
京成電鉄,京成押上線
京成電鉄,京成押上線アクセス特急
京成電鉄,京成本線
京成電鉄,京成本線快速
京成電鉄,京成本線快速特急
京成電鉄,京成本線特急
京成電鉄,京成東成田線
京成電鉄,京成金町線
京浜急行電鉄,京急エアポート快特(羽田空港-泉岳寺)
京浜急行電鉄,京急エアポート急行
京浜急行電鉄,京急エアポート急行(京急蒲田-金沢文庫)
京浜急行電鉄,京急大師線
京浜急行電鉄,京急本線
京浜急行電鉄,京急本線快特
京浜急行電鉄,京急空港線
京浜急行電鉄,京急空港線快特
京浜急行電鉄,京急逗子線
京王電鉄,京王井の頭線
京王電鉄,京王井の頭線急行
京王電鉄,京王動物園線
京王電鉄,京王新線
京王電鉄,京王相模原線
京王電鉄,京王相模原線準特急
京王電鉄,京王競馬場線
京王電鉄,京王線
京王電鉄,京王線区間急行
京王電鉄,京王線快速
京王電鉄,京王線急行
京王電鉄,京王線準特急
京王電鉄,京王線特急
京王電鉄,京王線特急(新宿-橋本)
京王電鉄,京王高尾線
京福電気鉄道,京福電気鉄道北野線
京福電気鉄道,京福電気鉄道嵐山本線
京福電気鉄道,叡山ケーブル
京福電気鉄道,叡山ロープウェイ
京都市交通局,京都市営東西線
京都市交通局,京都市営東西線(御陵-太秦天神川)
京都市交通局,京都市営烏丸線
京阪電気鉄道,京阪中之島・本線
京阪電気鉄道,京阪中之島・本線準急
京阪電気鉄道,京阪交野線
京阪電気鉄道,京阪京津線
京阪電気鉄道,京阪宇治線
京阪電気鉄道,京阪本線(出町柳-淀屋橋)
京阪電気鉄道,京阪本線急行
京阪電気鉄道,京阪本線準急
京阪電気鉄道,京阪本線特急
京阪電気鉄道,京阪石山坂本線
京阪電気鉄道,京阪石清水八幡宮参道ケーブル
仙台市交通局,仙台市営南北線
仙台市交通局,仙台市営東西線
仙台空港鉄道,仙台空港アクセス線
伊予鉄道,伊予鉄道横河原線
伊予鉄道,伊予鉄道郡中線
伊予鉄道,伊予鉄道高浜線
伊予鉄道,伊予鉄道１系統
伊予鉄道,伊予鉄道２系統
伊予鉄道,伊予鉄道３系統
伊予鉄道,伊予鉄道５系統
伊予鉄道,伊予鉄道６系統
伊勢鉄道,伊勢鉄道
伊豆急行,伊豆急行
伊豆箱根鉄道,伊豆箱根鉄道大雄山線
伊豆箱根鉄道,伊豆箱根鉄道駿豆線
伊賀鉄道,伊賀鉄道伊賀線(上野市-伊賀神戸)
伊賀鉄道,伊賀鉄道伊賀線(伊賀上野-上野市)
伊香保ロープウェイ,伊香保ロープウェイ
会津鉄道,会津鉄道(会津田島-会津高原)
会津鉄道,会津鉄道(西若松-会津田島)
会津鉄道,会津鉄道特急リバティ会津
信楽高原鐵道,信楽高原鐵道
八甲田ロープウェー,八甲田ロープウェー
六甲山観光,六甲山観光六甲ケーブル
函館山ロープウェイ,函館山ロープウェイ
函館市企業局交通部,函館市電２系統
函館市企業局交通部,函館市電５系統
別府ロープウェイ,別府ロープウェイ
北九州高速鉄道,北九州都市モノレール小倉線
北大阪急行電鉄,北大阪急行電鉄
北条鉄道,北条鉄道
北総鉄道,北総鉄道北総線
北越急行,北越急行ほくほく線
北陸鉄道,北陸鉄道浅野川線
北陸鉄道,北陸鉄道石川線
十国峠,十国峠ケーブルカー
千光寺山ロープウェイ,千光寺山ロープウェイ
千葉都市モノレール,千葉モノレール１号線
千葉都市モノレール,千葉モノレール２号線
南海電気鉄道,南海加太線
南海電気鉄道,南海和歌山港線
南海電気鉄道,南海多奈川線
南海電気鉄道,南海汐見橋線
南海電気鉄道,南海特急こうや
南海電気鉄道,南海特急サザン
南海電気鉄道,南海特急ラピートα
南海電気鉄道,南海特急ラピートβ
南海電気鉄道,南海線
南海電気鉄道,南海線区間急行
南海電気鉄道,南海線空港急行
南海電気鉄道,南海高師浜線
南海電気鉄道,南海高野山ケーブル
南海電気鉄道,南海高野線
南海電気鉄道,南海高野線区間急行
南海電気鉄道,南海高野線急行
南海電気鉄道,南海高野線準急
南阿蘇鉄道,南阿蘇鉄道
叡山電鉄,叡山電鉄叡山本線
叡山電鉄,叡山電鉄鞍馬線
名古屋市交通局,名古屋市営上飯田線
名古屋市交通局,名古屋市営名城線右回り
名古屋市交通局,名古屋市営名城線左回り
名古屋市交通局,名古屋市営名港線
名古屋市交通局,名古屋市営東山線
名古屋市交通局,名古屋市営桜通線
名古屋市交通局,名古屋市営鶴舞線
名古屋臨海高速鉄道,名古屋臨海高速鉄道あおなみ線
名古屋鉄道,名鉄三河線(知立-猿投)
名古屋鉄道,名鉄三河線(碧南-知立)
名古屋鉄道,名鉄三河線(豊田市-梅坪)
名古屋鉄道,名鉄各務原線
名古屋鉄道,名鉄各務原線急行
名古屋鉄道,名鉄名古屋・犬山線
名古屋鉄道,名鉄名古屋・犬山線ミュースカイ
名古屋鉄道,名鉄名古屋・犬山線急行(神宮前-新鵜沼)
名古屋鉄道,名鉄名古屋・犬山線準急
名古屋鉄道,名鉄名古屋本線(伊奈-東岡崎)
名古屋鉄道,名鉄名古屋本線(名古屋-須ケ口)
名古屋鉄道,名鉄名古屋本線(神宮前-金山)
名古屋鉄道,名鉄名古屋本線(須ケ口-岐阜)
名古屋鉄道,名鉄名古屋本線ミュースカイ
名古屋鉄道,名鉄名古屋本線急行
名古屋鉄道,名鉄名古屋本線急行(国府-一宮)
名古屋鉄道,名鉄名古屋本線急行(新安城-名古屋)
名古屋鉄道,名鉄名古屋本線準急(名古屋-須ケ口)
名古屋鉄道,名鉄名古屋本線準急(豊明-名古屋)
名古屋鉄道,名鉄名古屋本線特急
名古屋鉄道,名鉄名古屋本線特急(神宮前-名古屋)
名古屋鉄道,名鉄名古屋本線特急(神宮前-岐阜)
名古屋鉄道,名鉄小牧線
名古屋鉄道,名鉄尾西線(一宮-津島)
名古屋鉄道,名鉄尾西線(津島-弥富)
名古屋鉄道,名鉄尾西線(玉ノ井-一宮)
名古屋鉄道,名鉄尾西線準急
名古屋鉄道,名鉄常滑・空港線ミュースカイ
名古屋鉄道,名鉄常滑・空港線準急
名古屋鉄道,名鉄常滑・空港線特急(神宮前-空港)
名古屋鉄道,名鉄常滑線(太田川-常滑)
名古屋鉄道,名鉄常滑線(神宮前-太田川)
名古屋鉄道,名鉄常滑線急行
名古屋鉄道,名鉄常滑線特急
名古屋鉄道,名鉄広見線(新可児-御嵩)
名古屋鉄道,名鉄広見線(犬山-新可児)
名古屋鉄道,名鉄河和線(太田川-富貴)
名古屋鉄道,名鉄河和線(富貴-河和)
名古屋鉄道,名鉄河和線急行
名古屋鉄道,名鉄河和線特急
名古屋鉄道,名鉄津島線
名古屋鉄道,名鉄津島線準急
名古屋鉄道,名鉄瀬戸線
名古屋鉄道,名鉄瀬戸線急行
名古屋鉄道,名鉄犬山線(犬山-新鵜沼)
名古屋鉄道,名鉄犬山線特急
名古屋鉄道,名鉄知多新線
名古屋鉄道,名鉄知多新線急行
名古屋鉄道,名鉄知多新線特急
名古屋鉄道,名鉄竹鼻線(笠松-江吉良)
名古屋鉄道,名鉄築港線
名古屋鉄道,名鉄羽島線
名古屋鉄道,名鉄蒲郡線
名古屋鉄道,名鉄西尾線(西尾-新安城)
名古屋鉄道,名鉄西尾線急行(吉良吉田-新安城)
名古屋鉄道,名鉄豊川線
名古屋鉄道,名鉄豊田線
和歌山電鐵,わかやま電鉄貴志川線
四日市あすなろう鉄道,四日市あすなろう鉄道八王子線
四日市あすなろう鉄道,四日市あすなろう鉄道内部線
土佐くろしお鉄道,土佐くろしお鉄道ごめん・なはり線
土佐くろしお鉄道,土佐くろしお鉄道中村線
土佐くろしお鉄道,土佐くろしお鉄道宿毛線
埼玉新都市交通,埼玉新都市交通
埼玉高速鉄道,埼玉高速鉄道
多摩都市モノレール,多摩モノレール
大井川鐵道,大井川鐵道井川線
大井川鐵道,大井川鐵道大井川本線
大山観光電鉄,大山ケーブルカー
大阪モノレール,国際文化公園都市モノレール
大阪モノレール,大阪モノレール
大阪市高速電気軌道,OsakaMetroニュートラム
大阪市高速電気軌道,OsakaMetro中央線
大阪市高速電気軌道,OsakaMetro今里筋線
大阪市高速電気軌道,OsakaMetro千日前線
大阪市高速電気軌道,OsakaMetro四つ橋線
大阪市高速電気軌道,OsakaMetro堺筋線
大阪市高速電気軌道,OsakaMetro御堂筋線
大阪市高速電気軌道,OsakaMetro谷町線
大阪市高速電気軌道,OsakaMetro長堀鶴見緑地線
天竜浜名湖鉄道,天竜浜名湖鉄道
富士山麓電気鉄道,富士急行線
富士山麓電気鉄道,富士急行線フジサン特急
富山地方鉄道,富山地方鉄道不二越・上滝線
富山地方鉄道,富山地方鉄道富山港線
富山地方鉄道,富山地方鉄道本線
富山地方鉄道,富山地方鉄道本線特急
富山地方鉄道,富山地方鉄道立山線
富山地方鉄道,富山地方鉄道１系統
富山地方鉄道,富山地方鉄道２系統
富山地方鉄道,富山地方鉄道３系統環状線
小湊鐵道,小湊鐵道
小田急電鉄,小田急多摩線
小田急電鉄,小田急多摩線急行
小田急電鉄,小田急小田原線(新宿-本厚木)
小田急電鉄,小田急小田原線(町田-小田原)
小田急電鉄,小田急小田原線快速急行
小田急電鉄,小田急小田原線急行
小田急電鉄,小田急小田原線準急
小田急電鉄,小田急江ノ島線
小田急電鉄,小田急江ノ島線快速急行
小田急電鉄,小田急江ノ島線急行
小田急電鉄,小田急特急えのしま
小田急電鉄,小田急特急さがみ
小田急電鉄,小田急特急はこね
小田急電鉄,小田急特急スーパーはこね
山万,山万ユーカリが丘線
山形鉄道,山形鉄道フラワー長井線
山陽電気鉄道,山陽電鉄本線
山陽電気鉄道,山陽電鉄本線(阪神特急)
山陽電気鉄道,山陽電鉄網干線
山陽電気鉄道,須磨浦ロープウェイ
岐阜観光索道,ぎふ金華山ロープウェー
岡山電気軌道,岡山電気軌道東山本線
岡山電気軌道,岡山電気軌道清輝橋線
岩国城ロープウエー,岩国城ロープウエー
岳南電車,岳南鉄道線
島原鉄道,島原鉄道
嵯峨野観光鉄道,嵯峨野観光鉄道
平成筑豊鉄道,平成筑豊鉄道伊田線
平成筑豊鉄道,平成筑豊鉄道田川線
平成筑豊鉄道,平成筑豊鉄道糸田線
平成筑豊鉄道,平成筑豊鉄道門司港レトロ観光線
広島観光開発,宮島ロープウエー獅子岩線
広島観光開発,宮島ロープウエー紅葉谷線
広島電鉄,広島電鉄宮島線
広島電鉄,広島電鉄１号線
広島電鉄,広島電鉄２号線
広島電鉄,広島電鉄３号線
広島電鉄,広島電鉄５号線
広島電鉄,広島電鉄６号線
広島電鉄,広島電鉄７号線
広島電鉄,広島電鉄８号線
広島電鉄,広島電鉄９号線
広島高速交通,広島高速交通アストラムライン
弘南鉄道,弘南鉄道大鰐線
弘南鉄道,弘南鉄道弘南線
御在所ロープウエイ,御在所ロープウエイ
御岳登山鉄道,御岳登山鉄道御岳山ケーブル
愛知環状鉄道,愛知環状鉄道
愛知高速交通,愛知高速交通リニモ
新京成電鉄,新京成電鉄
日光交通,明智平ロープウェイ
昇仙峡ロープウェイ,昇仙峡ロープウェイ
明知鉄道,明知鉄道
智頭急行,智頭急行
書写山ロープウェイ,書写山ロープウェイ
札幌市交通事業振興公社,札幌市電内回り
札幌市交通事業振興公社,札幌市電外回り
札幌市交通局,札幌市営南北線
札幌市交通局,札幌市営東西線
札幌市交通局,札幌市営東豊線
札幌振興公社,もいわ山ロープウェイ
札幌振興公社,もーりすカー
東京モノレール,東京モノレール
東京地下鉄,東京メトロ丸ノ内線(中野坂上-方南町)
東京地下鉄,東京メトロ丸ノ内線(池袋-荻窪)
東京地下鉄,東京メトロ副都心線
東京地下鉄,東京メトロ副都心線急行
東京地下鉄,東京メトロ千代田線
東京地下鉄,東京メトロ千代田線(綾瀬-北綾瀬)
東京地下鉄,東京メトロ半蔵門線
東京地下鉄,東京メトロ南北線
東京地下鉄,東京メトロ日比谷線
東京地下鉄,東京メトロ有楽町線(和光市-新木場)
東京地下鉄,東京メトロ東西線
東京地下鉄,東京メトロ東西線快速
東京地下鉄,東京メトロ銀座線
東京臨海高速鉄道,東京臨海高速鉄道りんかい線
東京都交通局,日暮里・舎人ライナー
東京都交通局,都営エアポート快特
東京都交通局,都営三田線
東京都交通局,都営大江戸線
東京都交通局,都営新宿線
東京都交通局,都営新宿線急行
東京都交通局,都営浅草線
東京都交通局,都電荒川線
東急電鉄,こどもの国線
東急電鉄,東急世田谷線
東急電鉄,東急多摩川線
東急電鉄,東急大井町線
東急電鉄,東急大井町線急行
東急電鉄,東急東横線
東急電鉄,東急東横線急行
東急電鉄,東急東横線特急
東急電鉄,東急池上線
東急電鉄,東急田園都市線
東急電鉄,東急田園都市線急行
東急電鉄,東急目黒線
東急電鉄,東急目黒線急行
東武鉄道,東武亀戸線
東武鉄道,東武伊勢崎・日光線急行
東武鉄道,東武伊勢崎線
東武鉄道,東武伊勢崎線(久喜-太田)
東武鉄道,東武伊勢崎線(太田-伊勢崎)
東武鉄道,東武伊勢崎線区間準急
東武鉄道,東武佐野線
東武鉄道,東武大師線
東武鉄道,東武宇都宮線
東武鉄道,東武小泉線(太田-東小泉)
東武鉄道,東武小泉線(館林-西小泉)
東武鉄道,東武日光線
東武鉄道,東武日光線(南栗橋-新栃木)
東武鉄道,東武東上線(和光市-川越市)
東武鉄道,東武東上線(小川町-寄居)
東武鉄道,東武東上線(池袋-志木)
東武鉄道,東武東上線急行
東武鉄道,東武東上線急行(和光市-森林公園)
東武鉄道,東武東上線準急
東武鉄道,東武桐生線
東武鉄道,東武特急きぬ
東武鉄道,東武特急けごん
東武鉄道,東武特急りょうもう
東武鉄道,東武特急リバティ会津
東武鉄道,東武越生線
東武鉄道,東武野田線(大宮-柏)
東武鉄道,東武野田線(柏-船橋)
東武鉄道,東武鬼怒川線
東海交通事業,東海交通事業城北線
東葉高速鉄道,東葉高速鉄道
松山城ロープウェイ,松山城ロープウェイ
松浦鉄道,松浦鉄道西九州線(伊万里-佐世保)
松浦鉄道,松浦鉄道西九州線(有田-伊万里)
横浜シーサイドライン,横浜シーサイドライン
横浜市交通局,横浜市営地下鉄グリーンライン
横浜市交通局,横浜市営地下鉄ブルーライン
横浜高速鉄道,みなとみらい線
横浜高速鉄道,みなとみらい線急行
横浜高速鉄道,みなとみらい線特急
樽見鉄道,樽見鉄道
比叡山鉄道,比叡山鉄道坂本ケーブル
水島臨海鉄道,水島臨海鉄道
水間鉄道,水間鉄道
江ノ島電鉄,江ノ島電鉄
沖縄都市モノレール,ゆいレール
泉北高速鉄道,泉北高速鉄道
泉陽興業,YOKOHAMA AIR CABIN
津軽鉄道,津軽鉄道
流鉄,流鉄流山線
湘南モノレール,湘南モノレール
火の山ロープウェイ,火の山ロープウェイ
熊本市交通局,熊本市電Ａ系統
熊本市交通局,熊本市電Ｂ系統
熊本電気鉄道,熊本電気鉄道(上熊本-北熊本)
熊本電気鉄道,熊本電気鉄道(藤崎宮前-御代志)
甘木鉄道,甘木鉄道
由利高原鉄道,由利高原鉄道鳥海山ろく線
皿倉登山鉄道,皿倉山ケーブルカー
皿倉登山鉄道,皿倉山スロープカー
相模鉄道,相鉄いずみ野線
相模鉄道,相鉄新横浜線
相模鉄道,相鉄本線
相模鉄道,相鉄本線(西谷-海老名)
相模鉄道,相鉄本線快速
相模鉄道,相鉄本線急行
相模鉄道,相鉄本線特急
眉山ロープウェイ,眉山ロープウェイ
真岡鐵道,真岡鐵道
神戸住環境整備公社,六甲有馬ロープウェー
神戸住環境整備公社,摩耶ケーブル
神戸住環境整備公社,摩耶ロープウェー
神戸市交通局,神戸市営地下鉄北神線
神戸市交通局,神戸市営地下鉄海岸線
神戸市交通局,神戸市営地下鉄西神・山手線
神戸新交通,神戸新交通ポートアイランド線
神戸新交通,神戸新交通ポートアイランド線(三宮-神戸空港)
神戸新交通,神戸新交通六甲アイランド線
神戸電鉄,神鉄三田線
神戸電鉄,神鉄公園都市線
神戸電鉄,神鉄有馬線(有馬口-有馬温泉)
神戸電鉄,神鉄有馬線(湊川-有馬口)
神戸電鉄,神鉄有馬線(湊川-鈴蘭台)
神戸電鉄,神鉄有馬線準急
神戸電鉄,神鉄粟生線(志染-粟生)
神戸電鉄,神鉄粟生線(鈴蘭台-志染)
神戸高速,神戸高速線(山陽普通)
神戸高速,神戸高速線(神鉄)
神戸高速,神戸高速線(阪急特急)
神戸高速,神戸高速線(阪神普通)
神戸高速,神戸高速線(阪神特急)
福井鉄道,福井鉄道市内軌道線
福井鉄道,福井鉄道福武線
福井鉄道,福井鉄道福武線急行
福岡市交通局,福岡市地下鉄七隈線
福岡市交通局,福岡市地下鉄空港線
福岡市交通局,福岡市地下鉄箱崎線
福島交通,福島交通飯坂線
秋田内陸縦貫鉄道,秋田内陸縦貫鉄道
秩父鉄道,秩父鉄道(熊谷-三峰口)
秩父鉄道,秩父鉄道(羽生-熊谷)
秩父鉄道,秩父鉄道急行秩父路
筑波観光鉄道,筑波山ケーブルカー
筑波観光鉄道,筑波山ロープウェイ
筑豊電気鉄道,筑豊電気鉄道
箱根登山鉄道,箱根ロープウェイ(大涌谷-桃源台)
箱根登山鉄道,箱根ロープウェイ(早雲山-大涌谷)
箱根登山鉄道,箱根登山鉄道(小田原-箱根湯本)
箱根登山鉄道,箱根登山鉄道(箱根湯本-強羅)
箱根登山鉄道,箱根登山鉄道箱根登山ケーブル
紀州鉄道,紀州鉄道
肥薩おれんじ鉄道,肥薩おれんじ鉄道
能勢電鉄,妙見の森ケーブル
能勢電鉄,能勢電鉄妙見線
能勢電鉄,能勢電鉄日生線
舞浜リゾートライン,ディズニーリゾートライン
芝山鉄道,芝山鉄道
若桜鉄道,若桜鉄道
蔵王ロープウェイ,蔵王ロープウェイ山頂線
蔵王ロープウェイ,蔵王ロープウェイ山麓線
西日本鉄道,西鉄天神大牟田線
西日本鉄道,西鉄天神大牟田線急行(福岡-小郡)
西日本鉄道,西鉄天神大牟田線急行(福岡-花畑)
西日本鉄道,西鉄天神大牟田線特急
西日本鉄道,西鉄太宰府線
西日本鉄道,西鉄甘木線
西日本鉄道,西鉄貝塚線
西武鉄道,西武国分寺線
西武鉄道,西武多摩川線
西武鉄道,西武多摩湖線
西武鉄道,西武山口線
西武鉄道,西武拝島・多摩湖線
西武鉄道,西武拝島線
西武鉄道,西武新宿線
西武鉄道,西武新宿線急行
西武鉄道,西武新宿線特急レッドアロー
西武鉄道,西武有楽町線
西武鉄道,西武有楽町線快速急行
西武鉄道,西武池袋線
西武鉄道,西武池袋線快速急行
西武鉄道,西武池袋線急行
西武鉄道,西武池袋線準急
西武鉄道,西武池袋線特急ちちぶ
西武鉄道,西武狭山線
西武鉄道,西武秩父線
西武鉄道,西武西武園線
西武鉄道,西武豊島線
谷川岳ロープウエー,榛名山ロープウェイ
谷川岳ロープウエー,谷川岳ロープウェイ
豊橋鉄道,豊橋鉄道東田本線(赤岩口発着)
豊橋鉄道,豊橋鉄道東田本線(運動公園前発着)
豊橋鉄道,豊橋鉄道渥美線
近江鉄道,八幡山ロープウェー
近江鉄道,近江鉄道八日市線
近江鉄道,近江鉄道多賀線
近江鉄道,近江鉄道近江本線(八日市-貴生川)
近江鉄道,近江鉄道近江本線(米原-八日市)
近畿日本鉄道,近鉄けいはんな線
近畿日本鉄道,近鉄京伊特急
近畿日本鉄道,近鉄京奈特急
近畿日本鉄道,近鉄京橿特急
近畿日本鉄道,近鉄京都線
近畿日本鉄道,近鉄京都線(竹田-新田辺)
近畿日本鉄道,近鉄京都線急行
近畿日本鉄道,近鉄信貴線
近畿日本鉄道,近鉄南大阪線(古市-橿原神宮前)
近畿日本鉄道,近鉄南大阪線(阿部野橋-古市)
近畿日本鉄道,近鉄南大阪線急行
近畿日本鉄道,近鉄南大阪線準急
近畿日本鉄道,近鉄吉野特急
近畿日本鉄道,近鉄吉野線
近畿日本鉄道,近鉄吉野線急行
近畿日本鉄道,近鉄名伊乙特急
近畿日本鉄道,近鉄名古屋線
近畿日本鉄道,近鉄名古屋線急行
近畿日本鉄道,近鉄名古屋線準急
近畿日本鉄道,近鉄名阪乙特急
近畿日本鉄道,近鉄名阪甲特急
近畿日本鉄道,近鉄大阪線(上本町-河内国分)
近畿日本鉄道,近鉄大阪線(名張-伊勢中川)
近畿日本鉄道,近鉄大阪線区間準急
近畿日本鉄道,近鉄大阪線急行
近畿日本鉄道,近鉄天理線
近畿日本鉄道,近鉄天理線急行
近畿日本鉄道,近鉄奈良線
近畿日本鉄道,近鉄奈良線区間準急
近畿日本鉄道,近鉄奈良線快速急行
近畿日本鉄道,近鉄奈良線急行
近畿日本鉄道,近鉄山田線
近畿日本鉄道,近鉄山田線急行
近畿日本鉄道,近鉄御所線
近畿日本鉄道,近鉄志摩線
近畿日本鉄道,近鉄橿原線
近畿日本鉄道,近鉄橿原線急行
近畿日本鉄道,近鉄湯の山線
近畿日本鉄道,近鉄特急ひのとり
近畿日本鉄道,近鉄生駒ケーブル(宝山寺生駒山上)
近畿日本鉄道,近鉄生駒ケーブル(鳥居前-宝山寺)
近畿日本鉄道,近鉄生駒線
近畿日本鉄道,近鉄田原本線
近畿日本鉄道,近鉄葛城山ロープウェイ
近畿日本鉄道,近鉄西信貴ケーブル
近畿日本鉄道,近鉄道明寺線
近畿日本鉄道,近鉄鈴鹿線
近畿日本鉄道,近鉄長野線
近畿日本鉄道,近鉄阪伊乙特急(賢島発着)
近畿日本鉄道,近鉄阪伊乙特急(鳥羽発着)
近畿日本鉄道,近鉄阪奈特急
近畿日本鉄道,近鉄鳥羽線
道南いさりび鉄道,道南いさりび鉄道
遠州鉄道,遠州鉄道
野岩鉄道,野岩鉄道会津鬼怒川線
野岩鉄道,野岩鉄道特急リバティ会津
銚子電気鉄道,銚子電気鉄道
鋸山ロープウェー,鋸山ロープウェー
錦川鉄道,錦川鉄道錦川清流線
長崎ロープウェイ,長崎ロープウェイ
長崎電気軌道,長崎電気軌道１系統
長崎電気軌道,長崎電気軌道３系統
長崎電気軌道,長崎電気軌道４系統
長崎電気軌道,長崎電気軌道５系統
長良川鉄道,長良川鉄道
長野電鉄,長野電鉄特急
長野電鉄,長野電鉄長野線
関東鉄道,関東鉄道常総線
関東鉄道,関東鉄道竜ケ崎線
阪堺電気軌道,阪堺電気軌道上町線
阪堺電気軌道,阪堺電気軌道阪堺線
阪急電鉄,阪急京都本線
阪急電鉄,阪急京都本線準急
阪急電鉄,阪急京都本線特急
阪急電鉄,阪急今津線(今津-西宮北口)
阪急電鉄,阪急今津線(西宮北口-宝塚)
阪急電鉄,阪急伊丹線
阪急電鉄,阪急千里線
阪急電鉄,阪急宝塚本線
阪急電鉄,阪急宝塚本線急行
阪急電鉄,阪急嵐山線
阪急電鉄,阪急甲陽線
阪急電鉄,阪急神戸本線
阪急電鉄,阪急神戸本線特急
阪急電鉄,阪急箕面線
阪神電気鉄道,阪神なんば線
阪神電気鉄道,阪神なんば線快速急行
阪神電気鉄道,阪神山陽直通特急
阪神電気鉄道,阪神本線
阪神電気鉄道,阪神本線快速急行
阪神電気鉄道,阪神本線急行
阪神電気鉄道,阪神本線特急
阪神電気鉄道,阪神武庫川線
阿佐海岸鉄道,阿佐海岸鉄道代行バス
阿佐海岸鉄道,阿佐海岸鉄道ＤＭＶ
阿武隈急行,阿武隈急行
青い森鉄道,青い森鉄道
静岡鉄道,日本平ロープウェイ
静岡鉄道,静岡鉄道静岡清水線
養老鉄道,養老鉄道養老線(大垣-揖斐)
養老鉄道,養老鉄道養老線(桑名-大垣)
首都圏新都市鉄道,つくばエクスプレス
首都圏新都市鉄道,つくばエクスプレス区間快速
首都圏新都市鉄道,つくばエクスプレス快速
高尾登山電鉄,高尾登山電鉄高尾登山ケーブル
高松琴平電気鉄道,高松琴平電気鉄道志度線
高松琴平電気鉄道,高松琴平電気鉄道琴平線
高松琴平電気鉄道,高松琴平電気鉄道長尾線
鹿児島市交通局,鹿児島市電１系統
鹿児島市交通局,鹿児島市電２系統
鹿島臨海鉄道,鹿島臨海鉄道大洗鹿島線
黒部峡谷鉄道,黒部峡谷鉄道
ＩＧＲいわて銀河鉄道,ＩＧＲいわて銀河鉄道
ＩＲいしかわ鉄道,ＩＲいしかわ鉄道
ＪＲ,ＪＲおおさか東線
ＪＲ,ＪＲみやこ路快速
ＪＲ,ＪＲゆめ咲線
ＪＲ,ＪＲ七尾線
ＪＲ,ＪＲ三角線
ＪＲ,ＪＲ上越線(水上-長岡)
ＪＲ,ＪＲ上越線(越後湯沢-六日町)
ＪＲ,ＪＲ上越線(高崎-水上)
ＪＲ,ＪＲ上野東京ライン(常磐線直通)
ＪＲ,ＪＲ上野東京ライン(東北本線・高崎線直通)
ＪＲ,ＪＲ両毛線
ＪＲ,ＪＲ中央本線(中津川-松本)
ＪＲ,ＪＲ中央本線(名古屋-中津川)
ＪＲ,ＪＲ中央本線(岡谷-塩尻)
ＪＲ,ＪＲ中央本線(甲府-松本)
ＪＲ,ＪＲ中央本線(立川-甲府)
ＪＲ,ＪＲ中央線中央特快
ＪＲ,ＪＲ中央線快速
ＪＲ,ＪＲ中央線青梅特快
ＪＲ,ＪＲ久大本線(久留米-日田)
ＪＲ,ＪＲ久大本線(日田-由布院)
ＪＲ,ＪＲ久大本線(由布院-大分)
ＪＲ,ＪＲ久留里線
ＪＲ,ＪＲ予土線
ＪＲ,ＪＲ予讃線(伊予西条-松山)
ＪＲ,ＪＲ予讃線(八幡浜-宇和島)
ＪＲ,ＪＲ予讃線(松山-八幡浜)
ＪＲ,ＪＲ予讃線(観音寺-伊予西条)
ＪＲ,ＪＲ予讃線(高松-観音寺)
ＪＲ,ＪＲ五日市線
ＪＲ,ＪＲ五能線
ＪＲ,ＪＲ京浜東北・根岸線快速
ＪＲ,ＪＲ京葉線
ＪＲ,ＪＲ京葉線快速
ＪＲ,ＪＲ仙山線
ＪＲ,ＪＲ仙石東北ライン快速
ＪＲ,ＪＲ仙石線
ＪＲ,ＪＲ伊東線
ＪＲ,ＪＲ伯備線(岡山-新見)
ＪＲ,ＪＲ伯備線(新見-米子)
ＪＲ,ＪＲ佐世保線
ＪＲ,ＪＲ信越本線(直江津-長岡)
ＪＲ,ＪＲ信越本線(篠ノ井-長野)
ＪＲ,ＪＲ信越本線(長岡-新潟)
ＪＲ,ＪＲ信越本線(高崎-横川)
ＪＲ,ＪＲ八戸線
ＪＲ,ＪＲ八高線(八王子-高麗川)
ＪＲ,ＪＲ八高線(高麗川-高崎)
ＪＲ,ＪＲ内子線
ＪＲ,ＪＲ内房線
ＪＲ,ＪＲ函館本線(函館-大沼)
ＪＲ,ＪＲ函館本線(大沼公園回り)
ＪＲ,ＪＲ函館本線(小樽-岩見沢)
ＪＲ,ＪＲ函館本線(岩見沢-旭川)
ＪＲ,ＪＲ函館本線(東森回り)
ＪＲ,ＪＲ函館本線(森-長万部)
ＪＲ,ＪＲ函館本線(長万部-小樽)
ＪＲ,ＪＲ加古川線(加古川-西脇市)
ＪＲ,ＪＲ加古川線(西脇市-谷川)
ＪＲ,ＪＲ北上線
ＪＲ,ＪＲ北陸本線(敦賀-福井)
ＪＲ,ＪＲ北陸本線(福井-金沢)
ＪＲ,ＪＲ北陸本線(米原-敦賀)
ＪＲ,ＪＲ千歳線
ＪＲ,ＪＲ南武線(尻手-浜川崎)
ＪＲ,ＪＲ南武線(川崎-立川)
ＪＲ,ＪＲ博多南線
ＪＲ,ＪＲ原田線
ＪＲ,ＪＲ参宮線
ＪＲ,ＪＲ只見線
ＪＲ,ＪＲ可部線
ＪＲ,ＪＲ吉備線
ＪＲ,ＪＲ吉都線
ＪＲ,ＪＲ名松線
ＪＲ,ＪＲ吾妻線
ＪＲ,ＪＲ呉線(三原-広)
ＪＲ,ＪＲ呉線(広-広島)
ＪＲ,ＪＲ和歌山線
ＪＲ,ＪＲ唐津線
ＪＲ,ＪＲ因美線(智頭-鳥取)
ＪＲ,ＪＲ因美線(津山-智頭)
ＪＲ,ＪＲ土讃線(琴平-阿波池田)
ＪＲ,ＪＲ土讃線(阿波池田-高知)
ＪＲ,ＪＲ土讃線(高松-琴平)
ＪＲ,ＪＲ土讃線(高知-窪川)
ＪＲ,ＪＲ城端線
ＪＲ,ＪＲ埼京・相鉄直通線
ＪＲ,ＪＲ埼京線
ＪＲ,ＪＲ埼京線(新宿-大崎)
ＪＲ,ＪＲ埼京線快速
ＪＲ,ＪＲ境線
ＪＲ,ＪＲ外房線
ＪＲ,ＪＲ大村線
ＪＲ,ＪＲ大湊線
ＪＲ,ＪＲ大糸線(南小谷-糸魚川)
ＪＲ,ＪＲ大糸線(松本-南小谷)
ＪＲ,ＪＲ大船渡線
ＪＲ,ＪＲ大船渡線ＢＲＴ(気仙沼-上鹿折)
ＪＲ,ＪＲ大船渡線ＢＲＴ(気仙沼-盛)
ＪＲ,ＪＲ大船渡線ＢＲＴ(陸前矢作-盛)
ＪＲ,ＪＲ大阪環状線内回り
ＪＲ,ＪＲ大阪環状線外回り
ＪＲ,ＪＲ太多線
ＪＲ,ＪＲ奈良線
ＪＲ,ＪＲ奥羽本線(大館-弘前)
ＪＲ,ＪＲ奥羽本線(山形-新庄)
ＪＲ,ＪＲ奥羽本線(弘前-青森)
ＪＲ,ＪＲ奥羽本線(新庄-秋田)
ＪＲ,ＪＲ奥羽本線(東能代-大館)
ＪＲ,ＪＲ奥羽本線(福島-米沢)
ＪＲ,ＪＲ奥羽本線(秋田-東能代)
ＪＲ,ＪＲ奥羽本線(米沢-山形)
ＪＲ,ＪＲ姫新線(佐用-津山)
ＪＲ,ＪＲ姫新線(姫路-佐用)
ＪＲ,ＪＲ姫新線(津山-新見)
ＪＲ,ＪＲ宇部線
ＪＲ,ＪＲ宇野線
ＪＲ,ＪＲ宗谷本線(名寄-稚内)
ＪＲ,ＪＲ宗谷本線(旭川-名寄)
ＪＲ,ＪＲ室蘭本線(室蘭-苫小牧)
ＪＲ,ＪＲ室蘭本線(苫小牧-岩見沢)
ＪＲ,ＪＲ室蘭本線(長万部-東室蘭)
ＪＲ,ＪＲ宮崎空港線
ＪＲ,ＪＲ富良野線
ＪＲ,ＪＲ寝台特急サンライズ出雲
ＪＲ,ＪＲ寝台特急サンライズ瀬戸
ＪＲ,ＪＲ小浜線
ＪＲ,ＪＲ小海線
ＪＲ,ＪＲ小野田線(宇部新川-小野田)
ＪＲ,ＪＲ小野田線(雀田-長門本山)
ＪＲ,ＪＲ山口線
ＪＲ,ＪＲ山手線内回り
ＪＲ,ＪＲ山手線外回り
ＪＲ,ＪＲ山田線(盛岡-宮古)
ＪＲ,ＪＲ山陰本線(京都-園部)
ＪＲ,ＪＲ山陰本線(出雲市-浜田)
ＪＲ,ＪＲ山陰本線(園部-福知山)
ＪＲ,ＪＲ山陰本線(浜坂-鳥取)
ＪＲ,ＪＲ山陰本線(浜田-益田)
ＪＲ,ＪＲ山陰本線(益田-長門市)
ＪＲ,ＪＲ山陰本線(福知山-豊岡)
ＪＲ,ＪＲ山陰本線(米子-出雲市)
ＪＲ,ＪＲ山陰本線(豊岡-浜坂)
ＪＲ,ＪＲ山陰本線(長門市-下関)
ＪＲ,ＪＲ山陰本線(長門市-仙崎)
ＪＲ,ＪＲ山陰本線(鳥取-米子)
ＪＲ,ＪＲ山陽本線(下関-小倉)
ＪＲ,ＪＲ山陽本線(兵庫-和田岬)
ＪＲ,ＪＲ山陽本線(姫路-岡山)
ＪＲ,ＪＲ山陽本線(岡山-岩国)
ＪＲ,ＪＲ山陽本線(岩国-下関)
ＪＲ,ＪＲ岩徳線
ＪＲ,ＪＲ川越線
ＪＲ,ＪＲ左沢線
ＪＲ,ＪＲ常磐線
ＪＲ,ＪＲ常磐線(いわき-原ノ町)
ＪＲ,ＪＲ常磐線(上野-水戸)
ＪＲ,ＪＲ常磐線(原ノ町-仙台)
ＪＲ,ＪＲ常磐線(水戸-いわき)
ＪＲ,ＪＲ常磐線快速
ＪＲ,ＪＲ弥彦線(吉田-弥彦)
ＪＲ,ＪＲ弥彦線(東三条-吉田)
ＪＲ,ＪＲ後藤寺線
ＪＲ,ＪＲ御殿場線
ＪＲ,ＪＲ徳島線
ＪＲ,ＪＲ快速ことぶき
ＪＲ,ＪＲ快速みえ
ＪＲ,ＪＲ快速アクティー
ＪＲ,ＪＲ快速アーバン
ＪＲ,ＪＲ快速エアポート
ＪＲ,ＪＲ快速シーサイドライナー
ＪＲ,ＪＲ快速マリンライナー
ＪＲ,ＪＲ快速ラビット
ＪＲ,ＪＲ快速安芸路ライナー
ＪＲ,ＪＲ成田線(千葉-銚子)
ＪＲ,ＪＲ成田線(我孫子-成田)
ＪＲ,ＪＲ成田線快速
ＪＲ,ＪＲ指宿枕崎線(山川-枕崎)
ＪＲ,ＪＲ指宿枕崎線(鹿児島中央-山川)
ＪＲ,ＪＲ播但線(姫路-寺前)
ＪＲ,ＪＲ播但線(寺前-和田山)
ＪＲ,ＪＲ新幹線あさま
ＪＲ,ＪＲ新幹線かがやき
ＪＲ,ＪＲ新幹線こだま(新大阪-博多)
ＪＲ,ＪＲ新幹線こだま(東京-新大阪)
ＪＲ,ＪＲ新幹線こまち
ＪＲ,ＪＲ新幹線さくら
ＪＲ,ＪＲ新幹線たにがわ
ＪＲ,ＪＲ新幹線つばさ
ＪＲ,ＪＲ新幹線つばめ
ＪＲ,ＪＲ新幹線つるぎ
ＪＲ,ＪＲ新幹線とき
ＪＲ,ＪＲ新幹線なすの
ＪＲ,ＪＲ新幹線のぞみ
ＪＲ,ＪＲ新幹線はくたか
ＪＲ,ＪＲ新幹線はやぶさ
ＪＲ,ＪＲ新幹線ひかり(東京-博多)
ＪＲ,ＪＲ新幹線みずほ
ＪＲ,ＪＲ新幹線やまびこ
ＪＲ,ＪＲ日光線
ＪＲ,ＪＲ日南線
ＪＲ,ＪＲ日田彦山線
ＪＲ,ＪＲ日豊本線(佐伯-宮崎)
ＪＲ,ＪＲ日豊本線(大分-佐伯)
ＪＲ,ＪＲ日豊本線(宮崎-鹿児島中央)
ＪＲ,ＪＲ日豊本線(門司港-大分)
ＪＲ,ＪＲ日高本線
ＪＲ,ＪＲ木次線
ＪＲ,ＪＲ札沼線
ＪＲ,ＪＲ東北本線(一ノ関-盛岡)
ＪＲ,ＪＲ東北本線(上野-宇都宮)
ＪＲ,ＪＲ東北本線(仙台-一ノ関)
ＪＲ,ＪＲ東北本線(宇都宮-黒磯)
ＪＲ,ＪＲ東北本線(岩切-利府)
ＪＲ,ＪＲ東北本線(福島-仙台)
ＪＲ,ＪＲ東北本線(黒磯-福島)
ＪＲ,ＪＲ東海道・山陽本線
ＪＲ,ＪＲ東海道・山陽本線快速
ＪＲ,ＪＲ東海道・山陽本線新快速
ＪＲ,ＪＲ東海道・福知山線
ＪＲ,ＪＲ東海道本線(大垣-米原)
ＪＲ,ＪＲ東海道本線(大垣-美濃赤坂)
ＪＲ,ＪＲ東海道本線(東京-品川)
ＪＲ,ＪＲ東海道本線(東京-熱海)
ＪＲ,ＪＲ東海道本線(浜松-豊橋)
ＪＲ,ＪＲ東海道本線(熱海-浜松)
ＪＲ,ＪＲ東海道本線(豊橋-岐阜)
ＪＲ,ＪＲ東海道本線快速
ＪＲ,ＪＲ東海道本線新快速
ＪＲ,ＪＲ東金線
ＪＲ,ＪＲ根室本線(帯広-釧路)
ＪＲ,ＪＲ根室本線(新得-帯広)
ＪＲ,ＪＲ根室本線(滝川-新得)
ＪＲ,ＪＲ根室本線(釧路-根室)
ＪＲ,ＪＲ桜井線
ＪＲ,ＪＲ横浜線
ＪＲ,ＪＲ横浜線快速
ＪＲ,ＪＲ横須賀線
ＪＲ,ＪＲ武蔵野線
ＪＲ,ＪＲ武豊線
ＪＲ,ＪＲ気仙沼線
ＪＲ,ＪＲ気仙沼線ＢＲＴ
ＪＲ,ＪＲ気仙沼線ＢＲＴ(本吉-気仙沼)
ＪＲ,ＪＲ水戸線
ＪＲ,ＪＲ水郡線(常陸大子-郡山)
ＪＲ,ＪＲ水郡線(水戸-常陸大子)
ＪＲ,ＪＲ水郡線(水戸-常陸太田)
ＪＲ,ＪＲ氷見線
ＪＲ,ＪＲ津山線
ＪＲ,ＪＲ津軽線
ＪＲ,ＪＲ湖西線(京都-永原)
ＪＲ,ＪＲ湖西線(近江今津-近江塩津)
ＪＲ,ＪＲ湘南新宿ライン
ＪＲ,ＪＲ湘南新宿ライン快速
ＪＲ,ＪＲ瀬戸大橋線
ＪＲ,ＪＲ烏山線
ＪＲ,ＪＲ片町・東西・東海道・山陽線
ＪＲ,ＪＲ片町・東西・福知山線快速
ＪＲ,ＪＲ牟岐線(徳島-阿南)
ＪＲ,ＪＲ牟岐線(牟岐-阿波海南)
ＪＲ,ＪＲ牟岐線(阿南-牟岐)
ＪＲ,ＪＲ特急あかぎ
ＪＲ,ＪＲ特急あしずり
ＪＲ,ＪＲ特急あずさ
ＪＲ,ＪＲ特急あそ
ＪＲ,ＪＲ特急いしづち
ＪＲ,ＪＲ特急いなほ
ＪＲ,ＪＲ特急うずしお
ＪＲ,ＪＲ特急おおぞら
ＪＲ,ＪＲ特急かいおう
ＪＲ,ＪＲ特急かいじ
ＪＲ,ＪＲ特急かもめ
ＪＲ,ＪＲ特急かわせみ・やませみ
ＪＲ,ＪＲ特急きぬがわ
ＪＲ,ＪＲ特急きのさき
ＪＲ,ＪＲ特急きらめき
ＪＲ,ＪＲ特急きりしま
ＪＲ,ＪＲ特急くろしお
ＪＲ,ＪＲ特急こうのとり
ＪＲ,ＪＲ特急さざなみ
ＪＲ,ＪＲ特急しおかぜ
ＪＲ,ＪＲ特急しおさい
ＪＲ,ＪＲ特急しなの
ＪＲ,ＪＲ特急しまんと
ＪＲ,ＪＲ特急しらさぎ
ＪＲ,ＪＲ特急しらゆき
ＪＲ,ＪＲ特急すずらん
ＪＲ,ＪＲ特急つがる
ＪＲ,ＪＲ特急とかち
ＪＲ,ＪＲ特急ときわ
ＪＲ,ＪＲ特急にちりん
ＪＲ,ＪＲ特急はしだて
ＪＲ,ＪＲ特急はまかぜ
ＪＲ,ＪＲ特急はやとの風
ＪＲ,ＪＲ特急はるか
ＪＲ,ＪＲ特急ひたち
ＪＲ,ＪＲ特急ひだ
ＪＲ,ＪＲ特急ひゅうが
ＪＲ,ＪＲ特急ふじかわ
ＪＲ,ＪＲ特急ふじさん
ＪＲ,ＪＲ特急まいづる
ＪＲ,ＪＲ特急みどり
ＪＲ,ＪＲ特急むろと
ＪＲ,ＪＲ特急やくも
ＪＲ,ＪＲ特急ゆふ
ＪＲ,ＪＲ特急ゆふいんの森
ＪＲ,ＪＲ特急わかしお
ＪＲ,ＪＲ特急オホーツク
ＪＲ,ＪＲ特急カムイ
ＪＲ,ＪＲ特急サロベツ
ＪＲ,ＪＲ特急サンダーバード
ＪＲ,ＪＲ特急スーパーいなば
ＪＲ,ＪＲ特急スーパーおき
ＪＲ,ＪＲ特急スーパーはくと
ＪＲ,ＪＲ特急スーパーまつかぜ
ＪＲ,ＪＲ特急ソニック
ＪＲ,ＪＲ特急ハウステンボス
ＪＲ,ＪＲ特急ライラック
ＪＲ,ＪＲ特急九州横断特急
ＪＲ,ＪＲ特急伊那路
ＪＲ,ＪＲ特急剣山
ＪＲ,ＪＲ特急北斗
ＪＲ,ＪＲ特急南紀
ＪＲ,ＪＲ特急南風
ＪＲ,ＪＲ特急大雪
ＪＲ,ＪＲ特急宇和海
ＪＲ,ＪＲ特急宗谷
ＪＲ,ＪＲ特急富士回遊
ＪＲ,ＪＲ特急成田エクスプレス
ＪＲ,ＪＲ特急指宿のたまて箱
ＪＲ,ＪＲ特急日光
ＪＲ,ＪＲ特急有明
ＪＲ,ＪＲ特急能登かがり火
ＪＲ,ＪＲ特急草津
ＪＲ,ＪＲ特急踊り子
ＪＲ,ＪＲ田沢湖線(田沢湖-大曲)
ＪＲ,ＪＲ田沢湖線(盛岡-田沢湖)
ＪＲ,ＪＲ男鹿線
ＪＲ,ＪＲ留萌本線(深川-留萌)
ＪＲ,ＪＲ白新線
ＪＲ,ＪＲ相模線
ＪＲ,ＪＲ石勝線(千歳-新夕張)
ＪＲ,ＪＲ石北本線(上川-遠軽)
ＪＲ,ＪＲ石北本線(北見-網走)
ＪＲ,ＪＲ石北本線(旭川-上川)
ＪＲ,ＪＲ石北本線(遠軽-北見)
ＪＲ,ＪＲ石巻線
ＪＲ,ＪＲ磐越東線
ＪＲ,ＪＲ磐越西線(会津若松-新津)
ＪＲ,ＪＲ磐越西線(郡山-会津若松)
ＪＲ,ＪＲ福北ゆたか線(折尾-直方)
ＪＲ,ＪＲ福北ゆたか線(直方-博多)
ＪＲ,ＪＲ福北ゆたか線快速
ＪＲ,ＪＲ福塩線(府中-三次)
ＪＲ,ＪＲ福塩線(福山-府中)
ＪＲ,ＪＲ福知山線快速
ＪＲ,ＪＲ筑肥線(唐津-伊万里)
ＪＲ,ＪＲ筑肥線(姪浜-西唐津)
ＪＲ,ＪＲ篠ノ井線
ＪＲ,ＪＲ米坂線
ＪＲ,ＪＲ紀勢本線(亀山-新宮)
ＪＲ,ＪＲ紀勢本線(和歌山-和歌山市)
ＪＲ,ＪＲ紀勢本線(和歌山-紀伊田辺)
ＪＲ,ＪＲ紀勢本線(紀伊田辺-新宮)
ＪＲ,ＪＲ紀州路快速
ＪＲ,ＪＲ総武本線
ＪＲ,ＪＲ総武線
ＪＲ,ＪＲ総武線快速
ＪＲ,ＪＲ美祢線(厚狭-長門市)
ＪＲ,ＪＲ羽越本線(新津-新発田)
ＪＲ,ＪＲ羽越本線(新発田-酒田)
ＪＲ,ＪＲ羽越本線(酒田-秋田)
ＪＲ,ＪＲ肥薩線(人吉-吉松)
ＪＲ,ＪＲ肥薩線(八代-人吉)
ＪＲ,ＪＲ肥薩線(吉松-隼人)
ＪＲ,ＪＲ舞鶴線
ＪＲ,ＪＲ花輪線
ＪＲ,ＪＲ芸備線(三次-広島)
ＪＲ,ＪＲ芸備線(備後落合-三次)
ＪＲ,ＪＲ芸備線(新見-備後落合)
ＪＲ,ＪＲ若松線
ＪＲ,ＪＲ草津線
ＪＲ,ＪＲ豊肥本線
ＪＲ,ＪＲ赤穂線
ＪＲ,ＪＲ越後線(吉田-新潟)
ＪＲ,ＪＲ越後線(柏崎-吉田)
ＪＲ,ＪＲ越美北線
ＪＲ,ＪＲ身延線
ＪＲ,ＪＲ釜石線
ＪＲ,ＪＲ釧網本線
ＪＲ,ＪＲ長崎本線
ＪＲ,ＪＲ長崎本線(諫早-長崎)
ＪＲ,ＪＲ関空快速
ＪＲ,ＪＲ関西本線
ＪＲ,ＪＲ関西本線(亀山-加茂)
ＪＲ,ＪＲ関西本線(名古屋-亀山)
ＪＲ,ＪＲ関西本線大和路快速
ＪＲ,ＪＲ関西本線快速
ＪＲ,ＪＲ阪和線(天王寺-和歌山)
ＪＲ,ＪＲ阪和線(鳳-東羽衣)
ＪＲ,ＪＲ阪和線区間快速
ＪＲ,ＪＲ陸羽東線(小牛田-鳴子)
ＪＲ,ＪＲ陸羽東線(鳴子-新庄)
ＪＲ,ＪＲ陸羽西線
ＪＲ,ＪＲ青梅線
ＪＲ,ＪＲ飯山線(戸狩野沢温泉越後川口)
ＪＲ,ＪＲ飯山線(豊野-戸狩野沢温泉)
ＪＲ,ＪＲ飯田線(天竜峡-岡谷)
ＪＲ,ＪＲ飯田線(豊橋-天竜峡)
ＪＲ,ＪＲ飯田線(豊橋-豊川)
ＪＲ,ＪＲ香椎線(香椎-宇美)
ＪＲ,ＪＲ香椎線(香椎-西戸崎)
ＪＲ,ＪＲ高山本線(下呂-高山)
ＪＲ,ＪＲ高山本線(岐阜-美濃太田)
ＪＲ,ＪＲ高山本線(猪谷-富山)
ＪＲ,ＪＲ高山本線(美濃太田-下呂)
ＪＲ,ＪＲ高山本線(高山-猪谷)
ＪＲ,ＪＲ高崎線(上野-高崎)
ＪＲ,ＪＲ高徳線
ＪＲ,ＪＲ鳴門線
ＪＲ,ＪＲ鶴見線(鶴見-大川)
ＪＲ,ＪＲ鶴見線(鶴見-扇町)
ＪＲ,ＪＲ鶴見線(鶴見-海芝浦)
ＪＲ,ＪＲ鹿児島本線(博多-熊本)
ＪＲ,ＪＲ鹿児島本線(川内-鹿児島中央)
ＪＲ,ＪＲ鹿児島本線(熊本-八代)
ＪＲ,ＪＲ鹿児島本線(門司港-博多)
ＪＲ,ＪＲ鹿児島本線快速
ＪＲ,ＪＲ鹿島線(佐原-鹿島神宮)
ＷＩＬＬＥＲ＿ＴＲＡＩＮＳ,京都丹後鉄道宮福線
ＷＩＬＬＥＲ＿ＴＲＡＩＮＳ,京都丹後鉄道宮舞線
ＷＩＬＬＥＲ＿ＴＲＡＩＮＳ,京都丹後鉄道宮豊線
