?20014,iqΖk{(|)#iq@J{(|)#
?20025,iq}Iz[cN#iq}#iqΖk{(k|ԑ)#iqԖ{#
?20030,iq}Iz[cN#iq}#iqΖk{(y|k)#
?20033,iq}#iq{(эL|H)#
?20052,iq}Iz[cN#iq}JC#iq}@J#iq}CbN#iqٖ{(M|〈)#iqٖ{(〈|)#iq{(Ϗq|〈)#
?20054,َsdTn#َsdQn#
?20063,iqGA|[g#iqΐ#
?20068,iq}Iz[cN#iq}#iqΖk{(|y)#iqΖk{(y|k)#
?20069,iq}#iq}Ƃ#iqΏ(΁|V[)#iq{(Ϗq|〈)#
?20073,Dysc#DyscL#Dysck#
?20075,iqٖ{(ف|)#iqٖ{()#iqٖ{(X)#
?20076,iq}kl#iqٖ{()#
?20089,iq}kl#iqٖ{(X|)#iqٖ{(|M)#iq{(|)#
?20090,iqV͂Ԃ#iq}kl#iqٖ{(ف|)#
?20098,iqGA|[g#iqٖ{(|M)#iqٖ{(M|〈)#
?20099,iqGA|[g#iqٖ{(M|〈)#
?20102,iq}Txc#iq}@J#iq@J{(|t)#
?20105,iq}#iq}Ƃ#iq{(V|эL)#iq{(эL|H)#
?20115,َsdTn#َsdQn#
?20129,iq}Iz[cN#iq}#iqΖk{(|)#iqΖk{(|y)#
?20151,iqV͂Ԃ#삢ѓS#
?20164,iqGA|[g#iqΐ#
?20168,iq}Iz[cN#iq}#iqΖk{(y|k)#iqΖk{(k|ԑ)#
?20177,iq}#iqԖ{#iq{(эL|H)#iq{(H|)#
?20188,َsdTn#َsdQn#
?20195,iqGA|[g#iqٖ{(M|〈)#
?20200,َsdTn#َsdQn#
?20204,iq}kl#iqٖ{(ف|)#삢ѓS#
?20205,َsdTn#َsdQn#
?20210,DyscL#Dysck#
?20220,iq}#iq}Iz[cN#iq}JC#iq}#iq}@J#iq}Ƃ#iq}kl#iq}CbN#iqGA|[g#iqD#iqΐ#iqٖ{(M|〈)#
?20231,َsdTn#َsdQn#
?20246,iq}Txc#iq}@J#iq@J{(|)#
?20250,َsdTn#َsdQn#
?20259,َsdTn#َsdQn#
?20260,iq}#iq}kl#iq{(|Ϗq)#
?20261,iq}Iz[cN#iqΖk{(|y)#
?20262,iq}#iq{(эL|H)#
?20264,iqΐ#iqٖ{(M|〈)#
?20266,iqΖk{(|)#iq@J{(|)#
?20269,َsdTn#َsdQn#
?20271,iq}#iq}#iq}Ƃ#iq}kl#iqGA|[g#iqΐ#
?20275,iq}#iq}Ƃ#iq{(|V)#iq{(V|эL)#
?20281,iq}#iq}Ƃ#iqΏ(΁|V[)#
?20284,َsdTn#َsdQn#
?20287,َsdTn#َsdQn#
?20289,iq}Iz[cN#iq}JC#iq}CbN#iqٖ{(〈|)#
?20298,iqD#iqٖ{(M|〈)#
?20306,iq}Iz[cN#iq}JC#iq}@J#iq}CbN#iq{(|V)#iqٖ{(〈|)#
?20313,iq}kl#iq{(|)#
?20318,َsdTn#َsdQn#
?20325,iq}#iqGA|[g#iqΏ(΁|V[)#iqΐ#
?20326,َsdTn#َsdQn#
?20329,َsdTn#َsdQn#
?20334,iqGA|[g#iqٖ{(M|〈)#
?20336,iq}Txc#iq}@J#iq@J{(|t)#
?20345,iq}kl#iq{(|)#
?20349,iq}Ƃ#iq{(V|эL)#
?20352,iq}#iq}kl#iqΐ#iq{#iq{(|Ϗq)#iq{(Ϗq|〈)#
?20353,iq}#iq}Ƃ#
?20363,iq}Txc#iq}@J#iq@J{(|t)#
?20368,iqΐ#iqٖ{(M|〈)#
?20384,iq}Txc#iq}@J#iq@J{(|)#iq@J{(|t)#
?20425,iq}#iqΐ#iq{(Ϗq|〈)#
?20433,iq}#iq}kl#iq{(|Ϗq)#
?20441,iq}kl#iqٖ{(ف|)#
?20442,َsdTn#َsdQn#
?20461,iqԖ{#iq{(H|)#
?20475,iq}#iq}kl#iq{(|)#iq{(|Ϗq)#
?20491,iq}Iz[cN#iq}JC#iq}CbN#iqٖ{(〈|)#
?20494,iq}Txc#iq}@J#iq@J{(|t)#
?20495,iq}Iz[cN#iq}#iqΖk{(k|ԑ)#
?20499,iq}Iz[cN#iq}JC#iq}@J#iq}CbN#iqٖ{(〈|)#iqG{([|G)#
?20500,َsdTn#َsdQn#
?20504,iq{(|V)#iqxǖ#
?20519,َsdTn#َsdQn#
?20523,iq}Txc#iq}@J#iq@J{(|t)#
?20525,iq}#iq{(|Ϗq)#
?20537,َsdTn#َsdQn#
?20538,iq}Iz[cN#iq}#iqΖk{(|y)#
?20548,iqGA|[g#iqٖ{(M|〈)#
?20553,iq}#iq}#iq}Ƃ#iq}kl#iqGA|[g#iqΏ(΁|V[)#iqΐ#
?20561,iq}Txc#iq}@J#iq@J{(|t)#
?20569,iq}Iz[cN#iq}#iqΖk{(k|ԑ)#
?20571,iq}Ƃ#iq{(V|эL)#
?20579,iq}kl#iqٖ{()#iqٖ{(X)#iqٖ{(X|)#
?20582,iq}kl#iqٖ{(X|)#
?20596,َsdTn#َsdQn#
?20597,َsdTn#َsdQn#
?20607,iq}Iz[cN#iq}#iqΖk{(y|k)#
?20612,iq}Txc#iq}@J#iq@J{(|t)#
?20614,iq}Txc#iq}@J#iq@J{(|)#
?20616,iq}#iq{(|Ϗq)#
?20619,iq}#iqH{(OO|X)#iqÌy#XS#
?20628,iq}#iqH{(ف|OO)#
?20651,iq}#iqH{(ف|OO)#
?20665,iqH{(OO|X)#iqܔ\#
?20698,iqV͂Ԃ#iq}#iqH{(OO|X)#
?20740,iq}#iqH{(OO|X)#
?20747,iq喩#XS#
?20750,iqV͂Ԃ#iqː#XS#
?20758,iq}#iqH{(ف|OO)#iqH{(OO|X)#OSO#
?20788,hfqċ͓S#XS#
?20806,iqV܂т#iqDn#iqk{(|m)#iqk{(mց|)#
?20827,iqDnaqs(C|)#iqDnaqs(O|)#
?20831,iqDnaqs(C|)#iqDnaqs(O|)#
?20839,iqΐ#OSAX#
?20844,iqV܂т#iqk#iqk{(mց|)#
?20849,iqː#OSAX#
?20855,iqԗ֐#hfqċ͓S#
?20861,iqDnaqs(C|)#iqDnaqs(O|)#OSAX#
?20866,iqV܂#iqcΐ(|c)#
?20871,iqDnaqs(C|)#iqDnaqs(O|)#
?20873,iqV܂т#iqΐ#
?20901,iqV͂Ԃ#hfqċ͓S#
?20902,iqV͂Ԃ#hfqċ͓S#
?20906,iqΐ#iqk{(mց|)#
?20924,iqDnaqs(C|)#iqDnaqs(O|)#
?20936,iqRc(|{)#OSAX#
?20940,iqV͂Ԃ#iqV܂т#iqV܂#iqcΐ(|c)#iqk{(mց|)#iqRc(|{)#hfqċ͓S#
?20955,iqDnaqs(C|)#iqDnaqs(O|)#
?20970,iqDnaqs(C|)#iqDnaqs(O|)#
?20980,iqΊ#iqΐ#iqΓkC#
?20983,iqΓkC#iqk{(|m)#iqk{(؁|{)#
?20985,iq}Ђ#iq֐(m|)#iqk{(|)#
?20993,iqCaqs#iqCaqs({g|C)#
?21005,iqΊ#iqC#
?21010,iqR#sck#
?21022,iqDn#iqDnaqs(C|)#iqDnaqs(C|㎭)#iqCaqs#iqCaqs({g|C)#
?21025,iqCaqs#iqCaqs({g|C)#
?21026,iqΊ#iqC#iqk{(|m)#iqH(c|q)#
?21029,iqCaqs#iqCaqs({g|C)#
?21034,iqΓkC#iqk{(|m)#
?21035,iqDnaqs(C|)#iqDnaqs(C|㎭)#
?21044,iqV͂Ԃ#iqV܂т#iq}Ђ#iq֐(m|)#iqR#iqΐ#iqΓkC#iqk{(|)#iqk{(|m)#
?21047,iqΐ#iqΓkC#
?21050,iq֐(m|)#iqk{(|)#
?21053,iqk{(|)#G}s#
?21063,iq֐(m|)#iqk{(|)#sck#
?21066,iq֐(m|)#iqk{(|)#`ANZX#
?21067,iqH(c|q)#iqH(q|V)#
?21074,iqΐ#iqΓkC#
?21079,iqΓkC#iqk{(|m)#
?21085,iqCaqs#iqCaqs({g|C)#
?21087,iqV܂т#iqH(c|q)#
?21088,iqΐ#iqΓkC#
?21091,iqΊ#iqC#
?21092,iqCaqs#iqCaqs({g|C)#
?21100,iqCaqs#iqCaqs({g|C)#
?21101,iq֐(m|)#iqk{(|)#
?21103,iqCaqs#iqCaqs({g|C)#
?21106,iqC#iqCaqs#
?21108,iqΐ#iqΓkC#
?21110,iqΐ#iqΓkC#
?21114,iqΐ#iqΓkC#
?21116,iqΓkC#iqk{(|m)#
?21122,iqCaqs#iqCaqs({g|C)#
?21127,iqΐ#iqΓkC#
?21131,iqΊ#iqC#
?21133,iq}Ђ#iq֐(m|)#
?21137,iqV܂#iq}Ȃ#iq}#iqHz{(c|Hc)#iqH{(V|Hc)#iqH{(Hc|\)#iqj#
?21159,iq}Ȃ#iqHz{(c|Hc)#RSCR낭#
?21161,iqH{(Hc|\)#iqj#
?21165,iq}#iqH{(\|)#iqH{(ف|OO)#iqԗ֐#
?21168,iqV܂#iqH{(V|Hc)#iqcΐ(c΁|)#
?21174,iqV܂#iqcΐ(c΁|)#HccѓS#
?21178,iqH{(Hc|\)#iqj#
?21187,iq}Ȃ#iqHz{(c|Hc)#
?21218,iq}#iqH{(\|)#
?21221,iqV܂#iqcΐ(|c)#iqcΐ(c΁|)#
?21223,iqH{(Hc|\)#iqj#
?21232,iq}Ȃ#iqHz{(c|Hc)#
?21241,iq}#iqH{(Hc|\)#
?21244,iq}#iqH{(Hc|\)#iqH{(\|)#iqܔ\#
?21249,iq}#iqH{(\|)#
?21260,iq}#iqH{(Hc|\)#
?21269,iqH{(V|Hc)#iqk#
?21278,iqV΂#iqH{(đ|R`)#R`St[#
?21280,iq}Ȃ#iqHz{(Vc|c)#
?21282,iq}Ȃ#iqHz{(Vc|c)#iqH#
?21289,iqč#R`St[#
?21298,iqH{(R`|V)#iqR#
?21311,iqV΂#iqH{(R`|V)#
?21318,iqV΂#iqH{(R`|V)#
?21320,iqV΂#iqH{(đ|R`)#
?21324,iq#iqH{(R`|V)#iqR#
?21330,iq}Ȃ#iqHz{(Vc|c)#iqHz{(c|Hc)#
?21338,iqV΂#iqH{(R`|V)#iqH{(V|Hc)#iqH#iqH(q|V)#
?21345,iqV΂#iqH{(đ|R`)#
?21348,iqV΂#iqH{(R`|V)#
?21353,iq}Ȃ#iqHz{(Vc|c)#
?21355,iqV΂#iqH{(R`|V)#
?21392,iqV΂#iq#iqH{(đ|R`)#iqH{(R`|V)#iqR#
?21395,iq}Ȃ#iqHz{(c|Hc)#
?21396,iqV΂#iqH{(|đ)#iqH{(đ|R`)#iqč#
?21402,ÓS}oeB#ÓS(Óc|Í)#S}oeB#SËS{#
?21408,ÓS}oeB#ÓS(ᏼ|Óc)#ÓS(Óc|Í)#
?21420,iq#iq։z(SR|Îᏼ)#iq։z(Îᏼ|V)#
?21424,iqS(헤q|SR)#iqk{(|)#
?21430,iq}Ђ#iq֐(ˁ|킫)#
?21435,iq}Ђ#iq֐(킫|m)#iq֐(ˁ|킫)#iq։z#
?21453,iq}Ђ#iq֐(킫|m)#
?21483,iqV܂т#iqS(헤q|SR)#iqk{(|)#iq։z(SR|Îᏼ)#iq։z#
?21494,iqV܂т#iqk{(|)#
?21503,iq}Ђ#iq֐(m|)#
?21516,iq}Ђ#iq֐(킫|m)#
?21522,iq}Ђ#iq֐(ˁ|킫)#
?21526,iq}Ђ#iq֐(킫|m)#
?21531,iq#ÓS(ᏼ|Óc)#
?21539,iq}Ђ#iq֐(킫|m)#iq֐(m|)#
?21548,iq}Ђ#iq֐(킫|m)#
?21551,iqV܂т#iqV΂#iqH{(|đ)#iqk{(|)#iqk{(|)#G}s#ʔэ#
?21554,iq}Ђ#iq֐(킫|m)#
?21574,iq}Ђ#iq֐(ˁ|킫)#
?21583,iq}Ƃ#iq֐(|)#
?21587,iq}Ђ#iq֐(ˁ|킫)#
?21594,iq}Ƃ#iq֐(|)#
?21603,iq}Ƃ#iq}Ђ#iq֐(ˁ|킫)#
?21613,iq(|_{)#ՊCS􎭓#
?21615,iq}Ƃ#iq}Ђ#iq֐(ˁ|킫)#ЂȂClS#
?21618,iqS(ˁ|헤q)#iqS(ˁ|헤c)#
?21631,iqrbg#iqÓVhC#iqk{(|Fs{)#
?21633,iqS(ˁ|헤q)#iqS(ˁ|헤c)#
?21637,iq}Ƃ#iq֐(|)#
?21643,iqS(ˁ|헤q)#iqS(ˁ|헤c)#
?21644,iqː#֓S푍#^c#
?21655,iq}Ƃ#iq}Ђ#iq֐(ˁ|킫)#
?21663,iq}Ƃ#iq֐(|)#
?21666,iq}Ƃ#iq֐(ˁ|킫)#
?21672,iq}Ƃ#iq֐(|)#iqː#
?21673,iq֐(|)#iq֐#֓S푍#
?21674,iqS(ˁ|헤q)#iqS(ˁ|헤c)#
?21691,iq}Ƃ#iq}Ђ#iq֐(ˁ|킫)#
?21692,iqS(ˁ|헤q)#iqS(ˁ|헤c)#
?21698,iq}Ƃ#iq}Ђ#iq֐(ˁ|킫)#
?21699,iqS(ˁ|헤q)#iqS(헤q|SR)#
?21700,iqS(ˁ|헤q)#iqS(ˁ|헤c)#
?21710,iq}Ƃ#iq}Ђ#iq֐(|)#iq֐(ˁ|킫)#iqS(ˁ|헤q)#iqS(ˁ|헤c)#ՊCS􎭓#
?21718,֓S푍#΃GNXvX#΃GNXvX#΃GNXvXԉ#
?21728,}傤#ɐ(v|c)#
?21730,iqrbg#iqÓVhC#iqk{(|Fs{)#
?21736,iqV܂т#iqVȂ#iqrbg#iqÓVhC#iqk{(|Fs{)#iqk{(Fs{|)#iq#
?21746,iqV܂т#iqVȂ#iqrbg#iqÓVhC#iqk{(|Fs{)#iqː#iqѐ#
?21752,S}oeB#SËS{#
?21754,S}oeB#SËS{#
?21755,S}oeB#SËS{#
?21759,iq}ʂ#}#}oeB#S{#
?21760,}#}oeB#S{#
?21764,iqk{(|)#iqk{(Fs{|)#
?21767,iqrbg#iqÓVhC#iqk{(|Fs{)#
?21771,iqѐ##
?21774,iq}ʂ#iq}#}#}#}oeB#S{##
?21779,iq}ʂ#iq}#}#}#}oeB##
?21780,}oeB#S{#
?21781,Fs{##(I|VȖ)#
?21782,}#}oeB#S{#S}oeB#SËS{#
?21783,iqrbg#iqÓVhC#iqk{(|Fs{)#
?21784,iqrbg#iqÓVhC#iqk{(|Fs{)#
?21799,iq}#}##
?21800,iq}ʂ#iq}#iqѐ#}#}#}oeB#Fs{##(I|VȖ)#
?21803,S}oeB#SËS{#
?21804,iqV܂т#iqVȂ#iqk{(Fs{|)#
?21812,iqÓVhC#iqk{(|Fs{)#
?21819,iqGR#iqk{(Fs{|)#
?21823,iqÓVhC#iqk{(|Fs{)#
?21836,S}oeB#SËS{#
?21838,S}oeB#SËS{#
?21839,}傤#ː#킽点kJc#
?21840,ѓdCS#}傤#ː#
?21845,iqѐ#ɐ(c|ɐ)#
?21848,iqȐ#iqÓVhC#iqz(|)#iqѐ#
?21856,}傤#ɐ(v|c)#ɐ(c|ɐ)#ː#(c|)#
?21874,iqѐ#킽点kJc#
?21876,iqA[o#iqÓVhC#iq(|)#iq(|)#
?21878,iqȐ#iqz(|)#
?21893,iq}#iqȐ#iqz(|)#
?21897,}傤#ː#
?21898,iq}#iq}#iqȐ#iqÓVhC#iqz(|)#iqѐ#
?21899,iq}#iqA[o#iqÓVhC#iq(|)#
?21907,iqVƂ#iqVɂ#
?21913,iqVƂ#iqVɂ#iqV#iqV͂#iq}#iq}#iqȐ#iqA[o#iqÓVhC#iqMz{(|)#iqz(|)#iq(|)#iq(|)#iqѐ#MdS#
?21915,}傤#ɐ(v|c)#(ٗс|)##
?21921,iq}#iqȐ#
?21922,iq}#iqȐ#
?21938,(ٗс|)#(c|)#
?21946,iq}#iqÓVhC#iqѐ#
?21953,iqz(|)#iqz(|)#
?21957,iqȐ#iqz(|)#
?21959,}傤#ː#
?21968,iq}#iqA[o#iqÓVhC#iq(|)#
?21969,(r܁|u)#(as|zs)#}#
?21970,(r܁|u)#(as|zs)#}s#}s(as|Xь)#}#
?21974,ɐ#ɐԏ}#
?21976,rܐ}s#rܐ}#
?21978,rܐ}#rܐ}s#rܐ}s#rܐ}#
?21982,iq}#iq}ʂ#iq}#iq}#iqA[o#iqrbg#iqlkEݐ#iqÓVhC#iqÓVhC#iq(|)#iqk{(|Fs{)#
?21986,ɐ#ɐԏ}#
?21987,iqV͂Ԃ#iqV܂т#iqVȂ#iqVƂ#iqVɂ#iqV#iqV₫#iqV͂#iq}#iq}ʂ#iq}#iq}cGNXvX#iq}#iqA[o#iqrbg#iqlkEݐ#iq鋞#iq鋞#iqÓVhC#iqÓVhC#iq(|)#iqk{(|Fs{)#ʐVss#c({|)#
?21990,iqA[o#iqÓVhC#iq(|)#
?21991,iq(|)#(쒬|)#}s#
?21992,iq}#iqA[o#iqÓVhC#iq(|)#
?21993,iq(|)#z#
?21994,S}sH#S(FJ|O)#
?21999,S}sH#S(FJ|O)#
?22000,iqA[o#iqÓVhC#iq(|)#
?22002,}#}#}oeB#ɐ#ɐE}s#ɐԏ}#c({|)#
?22003,}s#}s(as|Xь)#
?22004,}傤#ɐ(v|c)#
?22008,(as|zs)#}#
?22012,iqz#iq鋞#(as|zs)#}s#}s(as|Xь)#}#
?22013,(as|zs)#}s#}s(as|Xь)#}#
?22015,iqÓVhC#iq(|)#
?22019,ɐ#ɐԏ}#
?22020,iqÓVhC#iq(|)#
?22021,ɐ#ɐԏ}#
?22022,}s#}s(as|Xь)#
?22024,iq}#iqÓVhC#iq(|)#
?22025,iq鋞#iq鋞#
?22026,iqÓVhC#iq(|)#
?22028,iqrbg#iqÓVhC#iqk{(|Fs{)#}傤#ɐ(v|c)#ɐE}s#ɐԏ}#
?22029,iqVƂ#iqVɂ#iqV#iq}#iq}#iqA[o#iqÓVhC#iq(|)#S}sH#S(H|FJ)#S(FJ|O)#
?22030,iqÓVhC#iqk{(|Fs{)#(I|VȖ)#
?22033,iq}#iqA[o#iqÓVhC#iq(|)#
?22034,ɐ#ɐE}s#ɐԏ}#
?22036,rܐ#rܐ}s#rܐ}s#rܐ}#
?22038,iqz#iq(q|)#iq(|)#
?22041,z#}s#}s(as|Xь)#
?22044,rܐ}s#rܐ}#
?22045,Vh}bhA[#Vh}s#
?22048,(r܁|u)#(as|zs)#}s#}s(as|Xь)#}#
?22051,iqÓVhC#iqk{(|Fs{)#
?22053,(as|zs)#}#
?22055,ɐ#ɐE}s#ɐԏ}#
?22058,iqÓVhC#iqk{(|Fs{)#
?22062,}s#}s(as|Xь)#
?22063,iqA[o#iqÓVhC#iq(|)#
?22065,R#R#
?22066,rܐ}##
?22067,ɐ#ɐE}s#ɐԏ}#
?22068,ɐ#ɐE}s#ɐԏ}#
?22069,}s#}s(as|Xь)#
?22070,S}sH#S(FJ|O)#
?22071,ɐ#ɐԏ}#
?22075,S}sH#S(FJ|O)#
?22076,}s#}s(as|Xь)#
?22077,(as|zs)#}#
?22079,}傤#ɐ#ɐE}s#ɐԏ}#
?22080,Vh}bhA[#rܐ}#rܐ#rܐ}s#rܐ}s#rܐ}#Vh}s#
?22082,iq鋞#iq鋞#
?22084,iqÓVhC#iqk{(|Fs{)#
?22085,iq鋞#iq鋞#
?22087,S}sH#S(FJ|O)#
?22096,rܐ#rܐ}s#rܐ}#R#
?22100,iqrbg#iqÓVhC#iqk{(|Fs{)#
?22103,S(H|FJ)#}傤#ɐ(v|c)#
?22106,rܐ}#rܐ}s#rܐ}s#rܐ}##
?22110,iqrbg#iqÓVhC#iqk{(|Fs{)#
?22111,iq#ʍS#
?22114,iq(q|)##
?22115,}s#}s(as|Xь)#
?22118,iqÓVhC#iqk{(|Fs{)#
?22120,ɐ#ɐԏ}#
?22121,iq}#iqA[o#iqÓVhC#iq(|)#
?22122,iqÓVhC#iq(|)#
?22124,(as|zs)#}s#}s(as|Xь)#}#
?22125,rܐ}s#rܐ}#
?22131,Vh}bhA[#Vh}s#
?22132,iq}#iqA[o#iqÓVhC#iq(|)#
?22139,(as|zs)#}#
?22140,S}sH#S(FJ|O)#
?22141,S}sH#S(FJ|O)#
?22142,iqlkEݐ#iq#
?22144,ɐE}s#(I|VȖ)#
?22149,iq鋞#iq鋞#
?22150,iqÓVhC#iq(|)#
?22151,iq鋞#iq鋞#iq#
?22153,rܐ}s#rܐ}#
?22157,rܐ}s#rܐ}#
?22162,(as|zs)#}#
?22164,rܐ}##
?22168,iq鋞#iq鋞#
?22169,iq(|)#S}sH#S(FJ|O)#(쒬|)#
?22170,}s#}s(as|Xь)#
?22171,gsS#gsS}s#gLy(as|V؏)#(r܁|u)#(as|zs)#}s#}s(as|Xь)#}#
?22173,ɐE}s#ɐԏ}#
?22177,iq}#iq{#
?22182,iq}Ȃ#iq[#
?22183,iq֐(|)#iq֐#iq֐#iqc(䑷q|c)#
?22188,iq}킩#iq[#iqO[#
?22189,iq}킩#iqO[#
?22190,iq}#iq{#
?22193,iq#iq#
?22195,iqt#iq#
?22197,iq#iq#
?22198,iqt#iqt#
?22206,g#g#
?22211,iq}킩#iqO[#iq#
?22212,{#{}#
?22216,iq}킩#iqO[#ݓS#
?22224,iq}킩#iqO[#
?22226,iq}킩#iqt#iqt#
?22228,iq}Ƃ#iq֐(|)#iq֐#iq֐#c({|)#c(|D)#
?22230,iq}킩#iqO[#
?22233,iq}킩#iqO[#
?22240,ݓS#c#
?22246,iq}킩#iqO[#
?22247,{#{#{}#{}#
?22248,iq(|_{)#iqc(t|q)#
?22256,iq}Ȃ#iq[#iqv#
?22260,VdS#tS#
?22264,iq}Ȃ#iq[#
?22267,iq}cGNXvX#iqc#XJCCi[#cXJCANZXANZX}#{#{}#
?22276,{#{#
?22277,{#{#
?22278,{#{#
?22279,{#{}#{}#
?22280,{#{}#
?22282,t#{#{#{}#{}#VdS#
?22284,c#{#{}#{}#
?22286,{#{#{}#{}#
?22289,{#{#{}#{}#
?22291,iqt#iqt#
?22293,{#{}#
?22302,iq}Ȃ#iq[#c#
?22306,iq}#iq{#iqc#iqc(t|q)#
?22312,iq(|_{)#iqc(t|q)#
?22314,iqc#iqc(t|q)#
?22315,{#{#
?22324,iqt#iqt#iq#
?22326,cXJCANZXANZX}#VdS#c(|D)#kSk#
?22332,iq֐#iq#
?22340,{#{}#
?22341,iq}Ȃ#iq}킩#iq[#iqt#iqt#iqO[#
?22354,iq}#iq{#iqc(t|q)#qdCS#
?22361,iq}#iq}#iq}cGNXvX#iq[#iq{#iq#iq#iqO[#iqc#iqc(t|q)#tm[P#tm[Q#
?22363,猴#t#
?22365,cXJCANZXANZX}#kSk#
?22366,iqt#iqt#tm[P#
?22368,iq{#iqc#iqc(t|q)#tm[Q#
?22370,iq#iq#
?22372,iq֐(|)#iq֐#
?22391,iqc#iqc(t|q)#iqc(䑷q|c)#
?22392,iq}cGNXvX#iqc#XJCCi[#cXJCANZXANZX}#{#{}#
?22393,iq}#iq{#iq#
?22401,iq#iq#g#g#tS#
?22411,iq{#iqc(t|q)#
?22412,{#{#
?22413,c#ŎRS#
?22416,iq#cXJCANZXANZX}#kSk#
?22427,iq}#iq#iq#c(|D)#
?22428,{#{#
?22433,iq[#iqO[#
?22435,iqt#iqt#iq#
?22443,iq{#iqc(t|q)#
?22444,iq֐(|)#iq֐#iq֐#VdS#
?22447,iq֐#SR#
?22455,iq#΃GNXvX#΃GNXvX#΃GNXvXԉ#
?22457,iqt#iqt#iq#
?22459,{#{#
?22464,scVh}s#scVh#
?22465,iq{#iqc#iqc(t|q)#
?22466,iq}킩#iqO[#
?22468,iq}#iq{#
?22469,{#{#{}#{}#
?22474,{#{#R[Ju#
?22475,iq}#iq{#
?22477,iq}#iq{#
?22479,iq{#iqc#iqc(t|q)#
?22481,iql#iql#
?22482,#ANZX}#{#{#{}#{}#
?22483,}GA|[g}s#}{#
?22484,g#g#sc]ː#
?22486,g#gۃm(r܁|E)#
?22487,iq}#iq}#iqA[o#iqrbg#iqlkEݐ#iq鋞#iq鋞#iqÓVhC#iqÓVhC#iq(|)#iqk{(|Fs{)#
?22488,ʍS#gk#
?22490,iq~#iq~#
?22491,rܐ#rܐ}#
?22492,iqlkEݐ#iq#iqR#iqRO#΃GNXvX#΃GNXvX#΃GNXvXԉ#gJ#
?22495,g#}#}#}傤#}oeB#ɐԏ}#sc󑐐#scGA|[g#
?22496,iq#sc󑐐#
?22499,iq֐#gc#gc(|k)#
?22507,iq#g#g#gk#gLy(as|V؏)#sc]ː#
?22513,iq}ʂ#iq}cGNXvX#iq}#iq鋞#iq鋞#iqÓVhC#iqÓVhC#iqR#iqRO#rܐ}#rܐ#rܐ}s#rܐ}#gsS#gsS}s#gۃm(r܁|E)#gLy(as|V؏)#(r܁|u)#}s#}#
?22517,iq鋞#iq鋞#
?22520,iq#gk#gLy(as|V؏)#scVh}s#scVh#
?22522,͌##ԋ}s#
?22528,iqV͂Ԃ#iqV܂т#iqVȂ#iqVƂ#iqVɂ#iqV#iqV₫#iqV͂#iq}#iq}#iq}Ƃ#iq}Ђ#iq쓌C(k{E)#iq쓌C(֐)#iqA[o#iqrbg#iqlkEݐ#iq֐(|)#iq֐#iq(|)#iqk{(|Fs{)#iqR#iqRO#g#gJ#
?22533,iq~#iq~#
?22539,iqt#iq#
?22540,gsS#gLy(as|V؏)#
?22541,gsS#gLy(as|V؏)#
?22542,̓#̓}s#
?22548,iq鋞(Vh|)#iq鋞#iqÓVhC#iqÓVhC#iqR#iqRO#gJ#
?22549,iqlkEݐ#gk#
?22552,iq~#iq~#
?22555,rܐ#rܐ}#
?22556,iqlkEݐ#}䒬#}䒬}s#ՊCS񂩂#
?22557,}䒬#}䒬}s#}ڍ#}ڍ}s#
?22559,iq鋞(Vh|)#iq鋞#iq鋞ESʐ#iqÓVhC#iqÓVhC#iqR#iqRO#ՊCS񂩂#
?22561,scVh}s#scVh#
?22564,gc#g#g#g#gۃm(r܁|E)#scOc#
?22571,#q#
?22573,iq#iq#gۃm(r܁|E)#
?22574,iq(|)#iqk{(|Fs{)#
?22577,iq~#iq~#
?22578,#ANZX}#{#g#ɐE}s#sc󑐐#scGA|[g#
?22580,c}#c}}s#
?22581,c}#c}}s#
?22582,iq#iq#iq~#iq#gۃm(r܁|E)#
?22583,g#g#
?22588,g#gc#g#
?22591,g#g#
?22593,iqt#iq#
?22595,sc]ː#scOc#
?22596,gc#gJ#gۃm(r܁|E)#
?22597,iql#iql#
?22599,gsS#gLy(as|V؏)#
?22601,iq~#iq~#
?22602,iqlkEݐ#}r#}#
?22606,Vh#Vh}s#
?22612,iq#Tː#
?22614,g#g#gJ#
?22615,c}#c}}s#
?22617,iqlkEݐ#iq#iq~#iq#iqR#iqRO#g#
?22619,}#}}s#
?22622,c}c(Vh|{)#c}c}s#c}c}#
?22627,gc#gc(|k)#
?22630,iq֐(|)#iq֐#iq֐#΃GNXvX#΃GNXvX#΃GNXvXԉ#gc#gJ#}#}#}傤#}oeB#ɐ#ɐE}s#ɐԏ}#
?22633,#}#}##
?22637,iq#iq#̓#̓}s#
?22638,g#g#
?22639,rܐ#rܐ}#
?22640,iq}#iq}#iq#iq#g#
?22641,g#gJ#gۃm(r܁|E)#
?22644,̓#̓}s#
?22645,g#g#g#scVh#
?22651,sc󑐐#sc]ː#
?22652,͌#͌}##}s#ԋ}s#}(Vh|{)#
?22653,}#}##
?22654,͌##ԋ}s#
?22655,͌#͌}##}s#ԋ}s#}(Vh|{)#
?22656,͌#͌}##}s#ԋ}s#}(Vh|{)#
?22657,#}#}#
?22658,͌##ԋ}s#
?22659,͌##ԋ}s#
?22660,}GA|[g}s#}GA|[g}s(}c|򕶌)#}`#}`#}{#}{#
?22661,XJCCi[#{#{}#{}#
?22663,{#{#
?22665,#ANZX}##cXJCANZXANZX}#{#{#{}#{}#kSk#
?22668,gc#gۃm(r܁|E)#
?22675,gk#gۃm(r܁|E)#
?22676,iq#iq~#iq##ΐ#
?22679,Ly#Ly}s#gsS#gsS}s#gLy(as|V؏)#
?22680,Vh#Vh}s#q#qEΐ#
?22682,c}c(Vh|{)#c}c}#
?22691,iqR#iqRO#}r#sc󑐐#
?22694,Vh#Vh}s#
?22696,##}s#ԋ}s#
?22699,V###}s#ԋ}s#}#}#}(Vh|{)#
?22703,}cJ#}css#}css}s#
?22704,rܐ#rܐ}s#rܐ}s#rܐ}#
?22708,iqt#iq#
?22709,iqV̂#iqVЂ(|)#iqV(|V)#iq}xq#iq}Ƃ#iq}cGNXvX#iq}Ђ#iqANeB[#iqlkEݐ#iqC{(|i)#iqC{(|MC)#iqR#iqRO#iq{#}GA|[g(Hc`|x)#}GA|[g}s#}{#}{#
?22715,iq}cGNXvX#iq鋞(Vh|)#iq鋞#iqÓVhC#iqÓVhC#iqR#iqRO#̓#̓}s#}css#}css}s#}#}}s#}}#g#g#gsS#gsS}s#
?22723,c}c(Vh|{)#c}c}s#c}c}s#c}c}#̓#̓}s#
?22725,##}cJ#
?22733,iqt#iqt#iq#gLy(as|V؏)#ՊCS񂩂#
?22734,iq#iq#
?22741,iq}#iq}#iq}ʂ#iq}cGNXvX#iq}#iq}xmV#iq}ӂ#iq鋞#iq鋞(Vh|)#iq鋞#iqÓVhC#iqÓVhC#iq#iq#iq~#iq#iqR#iqRO#c}}̂#c}}#c}}X[p[͂#c}}͂#c}c(Vh|{)#c}c}s#c}c}s#V###}s#ԋ}s#}#}#}(Vh|{)#sc]ː#scVh}s#scVh#
?22743,gsS#gsS}s#gۃm(r܁|E)#scVh#
?22751,iqANeB[#iqC{(|i)#iqC{(|MC)#iqR#iqRO#iq{#g#sc󑐐#scGA|[g#肩#
?22754,iq鋞#iq鋞#
?22755,}䒬#}䒬}s#}#}}s#}}#
?22756,g#scVh}s#scVh#scOc#
?22758,iq#scOc#
?22763,g#scVh#
?22764,c}c(Vh|{)#c}c}s#c}c}#
?22765,#}#}#
?22768,Vh}bhA[#Vh#Vh}s#
?22771,ΐ#qEΐ#R#
?22774,gsS#gLy(as|V؏)#
?22775,}GA|[g(Hc`|x)#}GA|[g}s#}{#sc󑐐#scGA|[g#
?22776,##ԋ}s#
?22783,c}c(Vh|{)#c}c}#
?22787,iq{(|b{)#iq#iq#}#}##
?22788,}#}##
?22790,iqR#iqRO#Vh}bhA[#Vh#Vh}s#g#g#
?22793,#}#}##m[#
?22797,g#g#
?22798,}GA|[g}s#}{#
?22799,iq}#iq}#iq}xmV#iq~#iq{(|b{)#iq#iq~#iq#iq앐(|)#
?22801,Vh#Vh}s#
?22803,}#}#}}s#}ڍ#}ڍ}s#
?22805,q#m[#
?22806,͌##ԋ}s#
?22808,#m[#
?22815,sc󑐐#scGA|[g#sc]ː#
?22816,͌#͌}###}s#ԋ}s#}#}#}(Vh|{)#
?22817,##}s#ԋ}s#}#}#}(Vh|{)#
?22818,c}c(Vh|{)#c}c}#
?22820,gLy(as|V؏)#sc]ː#
?22823,##}s#ԋ}s#
?22825,m[#ՊCS񂩂#
?22826,}#}}s#}ڍ#}ڍ}s#
?22828,iqV̂#iqVЂ(|)#iqV(|V)#iqV͂Ԃ#iqV܂т#iqVȂ#iqVƂ#iqVɂ#iqV#iqV₫#iqV͂#iqQ}TCYo_#iqQ}TCY#iq}xq#iq}Ȃ#iq}#iq}Ƃ#iq}cGNXvX#iq}Ђ#iq}킩#iq쓌C(k{E)#iq쓌C(֐)#iqANeB[#iqlkEݐ#iqt#iqt#iq#iq#iq~#iq#iqC{(|i)#iqC{(|MC)#iq#iqR#iqRO#iq{#gۃm(r܁|E)#
?22830,g#g#
?22839,gLy(as|V؏)#肩#
?22840,iq{(|b{)#iq#iq#
?22844,Vh#sc]ː#
?22847,iq~#iq~#
?22849,iq#iq#iq~#iq#g#g#
?22850,gۃm(r܁|E)#gۃm(|쒬)#sc]ː#
?22853,}䒬#sc󑐐#
?22855,}#}}s#}}#gJ#
?22856,gk#g#gLy(as|V؏)#
?22859,}#}#}傤#}oeB#ɐԏ}#
?22860,(r܁|u)#}s#}#
?22862,iq֐(|)#iq֐#iqR#iqRO#XJCCi[#{#{}#{}#
?22863,ɐ#ɐE}s#ɐԏ}#t#
?22865,iq鋞ESʐ#iqÓVhC#iq{#
?22872,iq#iq#
?22877,iq~#iq~#
?22881,iq{(|b{)#iq#iq#
?22884,g#g#g#sc󑐐#scGA|[g#
?22885,gJ#sc󑐐#
?22889,rܐ#rܐ}s#rܐ}#L#Ly#Ly}s#sc]ː#
?22894,iqt#iqt#iq#gJ#
?22895,iqܓs#iq~#iq~#iq(q|)#q#
?22896,ΐ#q#qEΐ#
?22900,}#}##
?22903,V##}s#ԋ}s#
?22904,}r#}䒬#}䒬}s#
?22905,iq}#iq}#iq}xmV#iq{(|b{)#iq#iq#iq(q|)#iql#iql#
?22906,##
?22907,V##}s#ԋ}s#
?22909,Vh#Vh}s#
?22910,}`#m[#
?22911,}GA|[g(Hc`|x)#}`#}`#
?22914,iqlkEݐ#iqR#iqRO#m[#
?22915,iq~#iq~#
?22919,scVh}s#scVh#
?22921,gsS#gLy(as|V؏)#
?22926,iq~#iq~#
?22930,gJ#sc󑐐#
?22931,rܐ#rܐ}#
?22935,iq~#iq~#
?22936,iq#sc]ː#
?22938,sc󑐐#scGA|[g#
?22941,n##
?22944,Vh}bhA[##Vh}s##
?22946,ɐE}s#ɐԏ}#Tː#
?22949,iq{(|b{)#iq#iq#
?22950,rܐ#rܐ}s#rܐ}s#rܐ}#
?22951,gc#gJ#scOc#
?22955,iq~#iq~#
?22958,}䒬#}䒬}s#}css#}css}s#
?22961,#}#}#
?22963,iq앐(|)#iq#
?22965,scVh}s#scVh#
?22966,iq앐(|)##}#}#
?22967,}GA|[g}s#}{#
?22968,gsS#gLy(as|V؏)#
?22970,rܐ#rܐ}#
?22973,gۃm(r܁|E)#sc]ː#
?22976,iql#iql#c}}#c}}͂#c}c(Vh|{)#c}c(c|c)#c}c}s#c}c}s#
?22983,iq֐(|)#iq֐#
?22985,sc󑐐#scGA|[g#scOc#
?22986,iq#iq#iq~#iq#
?22989,g#g#
?22992,͌#͌}##}s#ԋ}s#}(Vh|{)#
?22995,iq֐(|)#iq֐#΃GNXvX#΃GNXvX#΃GNXvXԉ#gJ#
?22998,}css#}css}s#
?23007,}ڍ#}ڍ}s#
?23008,iq##
?23015,ΐ#qEΐ#
?23016,gc#gsS#gsS}s#
?23017,̓#̓}s###}s#ԋ}s#}#}#}(Vh|{)#
?23018,iqR#iqRO#}ڍ#}ڍ}s#gk#scOc#
?23020,}#}##
?23023,sc]ː#scVh}s#scVh#
?23024,g#g#sc]ː#
?23028,ΐ#qEΐ#
?23033,}#}##
?23041,iq#iq#iq~#iq#gk#gۃm(r܁|E)#
?23043,iq#iqR#iqRO#sc]ː#
?23044,c}c(Vh|{)#c}c}s#c}c}s#c}c}#gc#
?23049,gJ#sc]ː#
?23053,g#g#
?23055,c}c(c|c)#c}c}s#c}c}s#
?23056,}css#}css}s#
?23057,iqߌ(ߌ|)#iqߌ(ߌ|CŉY)#iqߌ(ߌ|)#
?23058,}css#}css}s#lscnSu[C#
?23060,iq͐#c}c(Vh|{)#c}c(c|c)#
?23063,iqߌ(ߌ|)#iqߌ(ߌ|)#
?23069,Sݖ#S{#
?23070,Sݖ#S{#
?23072,c}c(c|c)#c}c}s#c}c}s#
?23075,}GA|[g}s(}c|򕶌)#}{#
?23088,c}}͂#c}c(Vh|{)#c}c(c|c)#c}c}s#c}c}s#S{(J|CV)#S{#S{}s#S{}#
?23091,iqÓVhC#iqC{(|MC)#
?23096,iq}xq#iq}cGNXvX#iqANeB[#iqlkEݐ#iqÓVhC#iqÓVhC#iqC{(|MC)#iq{#Ó샂m[#
?23097,c}c(Vh|{)#c}c(c|c)#
?23098,iqVЂ(|)#iqV(|V)#iq}xq#iqANeB[#iqÓVhC#iqC{(|MC)#ɓSYR#c}}#c}}X[p[͂#c}}͂#c}c(c|c)#c}c}s#c}c}s#oRS(c|{)#
?23099,c}c(c|c)#c}c}s#
?23105,S{(J|CV)#S{#S{}s#
?23108,c}}̂#c}]m#c}]m}s#
?23112,}GA|[g}s(}c|򕶌)#}{#
?23113,}q#}{#}{#
?23115,}GA|[g}s(}c|򕶌)#}q#}{#}{#
?23116,iqÓVhC#iq{#]mdS#
?23119,}GA|[g}s(}c|򕶌)#}{#}{#lscnSu[C#
?23123,iql#iql#
?23124,iqÓVhC#iqC{(|MC)#
?23126,iq}xq#iqANeB[#iqlkEݐ#iqC{(|MC)#iq앐(|)#
?23129,iqlkEݐ#lscnSu[C#
?23130,iql#iql#}#}}s#}}#
?23132,iqÓVhC#iq{#
?23136,S{(J|CV)#S{#S{}s#
?23142,c}#c}}s#
?23144,}GA|[g}s(}c|򕶌)#}{#
?23147,}GA|[g}s(}c|򕶌)#}t#}{#}{#
?23151,}GA|[g}s(}c|򕶌)#}{#
?23156,iqANeB[#iqa#iqÓVhC#iqC{(|MC)#
?23160,iqߌ(ߌ|)#iqߌ(ߌ|CŉY)#iqߌ(ߌ|)#
?23168,oRSoRP[u#oRS({|)#
?23171,S{(J|CV)#S{#S{}s#
?23172,iq}ӂ#c}}̂#c}}#c}]m#c}]m}s#c}]m}s#c}c(Vh|{)#c}c(c|c)#c}c}s#c}c}s#
?23176,S{(J|CV)#S{#S{}s#
?23177,iql#iql#
?23178,}css#}css}s#
?23180,iqlkEݐ#iql#iql#lscnSu[C#
?23186,c}c(Vh|{)#c}c(c|c)#
?23191,c}]m#c}]m}s#c}]m}s#Sݖ#S{#lscnSu[C#
?23195,iq앐(|)#iq앐(K|l)#
?23199,c}c(c|c)#c}c}s#c}c}s#
?23204,iqÓVhC#iq{#
?23207,iqlkEݐ#lV[TChC#
?23209,c}c(c|c)#c}c}s#c}c}s#
?23210,}#}ڍ#
?23211,iq}ӂ#c}}̂#c}}#c}c(Vh|{)#c}c}s#c}c}s#c}#c}}s#
?23212,iqV̂#iqVЂ(|)#iqV(|V)#iql#iql#lscnSu[C#
?23215,}GA|[g}s(}c|򕶌)#}{#
?23217,iqÓVhC#iq{#
?23218,S{(J|CV)#S{#S{}s#
?23219,lscnSO[C#lscnSu[C#
?23220,lscnSO[C#lscnSu[C#
?23223,c}c(Vh|{)#c}c(c|c)#
?23226,}䒬#}css#
?23228,}css#}css}s#
?23231,c}]m#c}]m}s#c}]m}s#}css#}css}s#
?23233,c}]m#c}]m}s#
?23234,iqANeB[#iq͐#iqÓVhC#iqC{(|MC)#
?23238,iqÓVhC#iqC{(|MC)#
?23240,}#}}s#
?23284,iqߌ(ߌ|)#iq앐(K|l)#
?23289,iqlkEݐ#iql#iql#
?23297,}#}}s#}ڍ#}ڍ}s#lscnSO[C#
?23298,iqANeB[#iqÓVhC#iqC{(|MC)#
?23304,iqANeB[#iqÓVhC#iqC{(|MC)#]mdS#c}}̂#c}]m#c}]m}s#c}]m}s#
?23309,}䒬#}css#
?23310,Sݖ#S{#S{(J|CV)#S{#S{}s#S{}#
?23313,iqߌ(ߌ|)#iqߌ(ߌ|CŉY)#iqߌ(ߌ|)#
?23314,S{#S{#
?23316,iqÓVhC#iq{#
?23317,}{#}{#
?23318,iq}ӂ#c}}#c}}͂#c}c(Vh|{)#c}c(c|c)#c}c}s#c}c}s#
?23323,iq}ӂ#iqa#
?23328,}䒬#}䒬}s#}css#}css}s#
?23329,S{(J|CV)#S{#S{}s#
?23336,Sݖ#S{#
?23337,c}]m#c}]m}s#
?23344,c}c(Vh|{)#c}c}s#c}c}#
?23345,iq}cGNXvX#iq鋞ESʐ#iqÓVhC#iqÓVhC#iq앐(|)#iq{#}#}}s#}}#}ڍ#}ڍ}s#
?23353,}#}ڍ#
?23360,c}}̂#c}]m#c}]m}s#c}]m}s#S{(J|CV)#S{#S{}s#S{}#
?23361,Sݖ#S{#
?23363,iq}xq#iqANeB[#iqC{(|MC)#
?23367,}{#}{#
?23368,iqQ}TCYo_#iqQ}TCY#iq}xq#iq}cGNXvX#iqANeB[#iqlkEݐ#iqÓVhC#iqÓVhC#iqC{(|MC)#iq{#iql#iql#}GA|[g}s(}c|򕶌)#}{#}{#S{#S{#S{}s#S{}#}#}}s#}}#݂ȂƂ݂炢}#݂ȂƂ݂炢}s#݂ȂƂ݂炢#lscnSu[C#
?23371,Sݖ#S{#
?23372,͌##ԋ}s#
?23379,iq}#iq{(|b{)#
?23380,iq}ӂ#iqg#
?23385,iq}ӂ#iqg#
?23386,iq}#iq{(|b{)#
?23387,iq}#iq}#iq}xmV#iq{(|b{)#xm}stWT}#xm}s#
?23389,iq}ӂ#iqg#
?23397,iq}ӂ#iqg#
?23403,iq}xmV#xm}stWT}#xm}s#
?23408,iq}#iq}#iq}ӂ#iq{(|b{)#iq{(b{|{)#iqg#
?23411,iq}#iqC#iq{(b{|{)#
?23418,iq}ӂ#iqg#
?23419,iq}xmV#xm}stWT}#xm}s#
?23429,iq}#iq{(b{|{)#
?23433,iq}ӂ#iqg#
?23436,iq}xmV#xm}stWT}#xm}s#
?23437,iq}xmV#xm}stWT}#xm}s#
?23439,iq}ӂ#iqg#
?23440,iq}ӂ#iqg#
?23442,iq}#iq{(|b{)#
?23450,iq}xq#iqɓ#
?23452,iqVЂ(|)#iqV(|V)#iqQ}TCYo_#iqQ}TCY#iq}xq#iqɓ#iqANeB[#iqC{(|MC)#iqC{(MC|l)#
?23459,iq}xq#ɓ}s#
?23460,iq}xq#ɓ}s#
?23462,iq}xq#ɓ}s#
?23463,iq}xq#ɓ}s#
?23465,iq}xq#ɓSx#
?23469,iq}xq#iqɓ#ɓ}s#
?23491,iq}xq#ɓSx#
?23500,iqV(|V)#iqC{(MC|l)#VlΓS#
?23505,iqC{(MC|l)#c{#
?23510,iq}xq#ɓ}s#
?23534,iq}ӂ#iqa#
?23542,iq}xq#ɓSx#
?23545,iqVЂ(|)#iqV(|V)#iqQ}TCYo_#iqQ}TCY#iq}ӂ#iqC{(MC|l)#
?23548,iq}ӂ#iqC{(MC|l)#
?23557,iqC{(l|L)#VlΓS#
?23565,iq}ӂ#iqa#
?23570,c#c{#
?23577,iq}xq#ɓSx#
?23578,iq}ɓߘH#iqѓc(L|V)#
?23593,BS#VlΓS#
?23600,iqQ}TCYo_#iqQ}TCY#iqa#iqC{(MC|l)#
?23604,iqVЂ(|)#iqV(|V)#iqQ}TCYo_#iqQ}TCY#iqC{(MC|l)#iqC{(l|L)#
?23619,iqQ}TCYo_#iqQ}TCY#iq}ӂ#iqC{(MC|l)#iqg#
?23624,iq}ӂ#iqg#
?23635,iq}ɓߘH#iqѓc(L|V)#
?23636,iqVЂ(|)#iqV(|V)#iq}xq#iqC{(MC|l)#ɓSx#
?23637,iq}xq#ɓSx#
?23650,iqC{(MC|l)#xS#
?23676,iq}T_[o[h#iq}炳#iqk{(|)#
?23680,iqV₫#iqV͂#iqV邬#iq}T_[o[h#iq}炳#iq}\o#iqk{(|)#hqS#
?23686,hqS#̕ƂܓS#
?23690,iq}T_[o[h#iq}炳#iqk{(|)#
?23706,iq}T_[o[h#iq#hqS#
?23714,iq}T_[o[h#iq}\o#iq#̂ƓS#
?23731,iq}T_[o[h#iq}\o#iq#
?23742,iq}T_[o[h#iq}炳#iqk{(|)#
?23757,iq}T_[o[h#iq}\o#̂ƓS#
?23762,S#S}s#
?23764,iq}T_[o[h#iq}炳#iqk{(|)#
?23766,S#S}s#
?23786,iqzk#iqk{(։|)#
?23805,SsO#S}s#
?23808,SsO#S}s#
?23812,SsO#S}s#
?23813,iq}T_[o[h#iq}炳#iqk{(։|)#
?23820,SsO#S}s#
?23821,iqCERz{V#iqk{(Č|։)#
?23823,SRi#SO#
?23824,S#S}s#
?23827,iq}T_[o[h#iq}炳#iqk{(։|)#
?23828,S#S}s#
?23830,SO#SO}s#SsO#S}s#
?23831,iq}T_[o[h#iq}炳#iql#iqCERz{V#iqk{(Č|։)#iqk{(։|)#
?23837,SO#SO}s#
?23838,S#S}s#
?23839,S#S}s#
?23843,SO#SO}s#
?23855,iq}T_[o[h#iq}炳#iqzk#iqk{(։|)#iqk{(|)#SRi#SO#
?23857,SRi#SO#
?23858,SsO#S#S}s#
?23860,S#S}s#
?23873,S#S}s#
?23885,SO#SO}s#
?23891,iq}䂫#gL߂S͂˂܃C#
?23899,̕ƂܓS#gL߂S{CЂC#
?23901,iqV͂#iq厅(쏬J|)#gL߂S{CЂC#
?23913,iqVƂ#iqz(|)#
?23923,iqюR(ˎ򉷐z)#iqz(|)#
?23938,iqVƂ#iqVɂ#iqz(|)#iqz(z㓒|Z)#
?23951,iq}䂫#iqMz{(]Á|)#
?23954,iq}䂫#iqz(|gc)#iqMz{(]Á|)#
?23964,iq}䂫#iqMz{(|V)#
?23984,iqz(|)#iq#
?23988,iqMz{(]Á|)#kz}sقق#
?23989,iq}Ȃ#iqHz{(Vc|c)#iqč#
?23995,iqz(|)#iqz(z㓒|Z)#
?23996,iq}Ȃ#iqHz{(VÁ|Vc)#iqHz{(Vc|c)#iqV#
?24005,iq}䂫#gL߂S͂˂܃C#
?24016,iqVƂ#iqF(O|gc)#
?24021,iqюR(ˎ򉷐z)#kz}sقق#
?24022,iq}Ȃ#iqV#
?24026,iq}䂫#iqMz{(]Á|)#gL߂S{CЂC#gL߂S͂˂܃C#
?24028,iq}Ȃ#iqHz{(Vc|c)#
?24029,iqVƂ#iq}䂫#iqMz{(]Á|)#iqMz{(|V)#iqz(|)#
?24033,iqVƂ#iq}Ȃ#iq}䂫#iqz(gc|V)#iqMz{(|V)#iqV#
?24037,iq}䂫#iqHz{(VÁ|Vc)#iqMz{(|V)#iq։z(Îᏼ|V)#
?24052,iq}䂫#iqMz{(|V)#iqF(O|gc)#
?24061,iq}Ȃ#iqHz{(Vc|c)#
?24071,gL߂S͂˂܃C#Ȃ̓SkȂ̐#
?24074,iq}䂫#iqMz{(|V)#
?24077,iqMz{(]Á|)#iqz(|)#
?24078,iqz(|)#iqz(z㓒|Z)#kz}sقق#
?24079,iq}Ȃ#iqHz{(Vc|c)#
?24089,iqz(|gc)#iqz(gc|V)#iqF(O|gc)#iqF(gc|F)#
?24093,iqV͂#iq}䂫#gL߂S͂˂܃C#
?24099,iq}Ȃ#iqm#
?24100,iq}Ȃ#iq{(Ð|{)#
?24106,iqm#iqMz{(m|)#
?24109,iq}ɓߘH#iqѓc(V|J)#
?24111,iqV͂#iqюR(L|ˎ򉷐)#
?24129,iqV#iqV͂#cdSʏ#Ȃ̓S(|m)#
?24143,iq}#iqѓc(V|J)#iq{(b{|{)#iq{(J|K)#
?24147,dS}#dS#
?24160,iq}#iq{(b{|{)#
?24163,iqV#iqV͂#Ȃ̓S(y|)#
?24164,iqѓc(V|J)#iq{(J|K)#
?24166,iqm#iqMz{(m|)#
?24169,iq}Ȃ#iq{(Ð|{)#
?24191,iqC#Ȃ̓S(y|)#Ȃ̓S(|m)#
?24192,dS}#dS#
?24203,iq}#iq}Ȃ#iq{(b{|{)#iq{(J|K)#iq{(Ð|{)#
?24211,iq}#iq厅({|쏬J)#
?24225,iq}Ȃ#iqm#iqMz{(m|)#Ȃ̓S(|m)#
?24231,iq}#iq{(b{|{)#
?24238,dS}#dS#
?24241,dS}#dS#
?24254,iqѓc(V|J)#iq{(J|K)#
?24262,iq}#iq{(b{|{)#
?24266,iq}ɓߘH#iqѓc(L|V)#iqѓc(V|J)#
?24267,iqюR(L|ˎ򉷐)#iqюR(ˎ򉷐z)#
?24270,iq}#iq厅({|쏬J)#
?24271,iqюR(L|ˎ򉷐)#Ȃ̓SkȂ̐#
?24282,iqV#iqV₫#iqV͂#iq}Ȃ#iqm#iqMz{(m|)#Ȃ̓SkȂ̐#dS}#dS#
?24284,iq}Ȃ#iq{(Ð|{)#
?24294,iq}ɓߘH#iqѓc(L|V)#
?24297,iq}#iq厅({|쏬J)#
?24307,iq}Ȃ#iqm#
?24311,iq}ɓߘH#iqѓc(L|V)#
?24314,iq{(b{|{)#iq{(Ð|{)#
?24315,iq}#iq{(b{|{)#
?24320,iq}#iq厅({|쏬J)#
?24325,iq}#iq}Ȃ#iq厅({|쏬J)#iqm#iq{(b{|{)#iq{(Ð|{)#{dS㍂n#
?24332,iq}#iq厅({|쏬J)#iq厅(쏬J|)#
?24335,iq{(b{|{)#iq{(Ð|{)#
?24341,iq{(b{|{)#iq{(Ð|{)#
?24355,dS}#dS#
?24382,iq}Ђ#iqR{(򕌁|Zc)#
?24386,S|@(}|]g)#SH#
?24387,iq}Ȃ#iq{(É|Ð)#mS#
?24388,iq}炳#iq}Ђ#iqC{(_|Č)#iqC{(_|Zԍ)#iqC{#iqC{V#MS#{VS{V(K|_)#{VS{V(_|K)#
?24398,Se}s#Se#
?24400,S|@(}|]g)#SÉ{}#SÉ{}(_{O|)#SÉ{}s#SÉ{({P|)#
?24429,iq}炳#iq}Ђ#iqR{(򕌁|Zc)#iqC{(L|)#iqC{#iqC{V#
?24431,iqVЂ(|)#iqV(|V)#
?24432,iq}Ђ#iqR{(C|R)#
?24438,iq}Ђ#iqR{(Zc|C)#iqR{(C|R)#
?24463,iq}Ђ#iqR{(Zc|C)#
?24465,SR}#SR(R|VL)#Se}s#Se#SÉER~[XJC#SÉER}s(_{O|VL)#
?24466,SL(R|V)#SL(V|䐓)#
?24468,Se#SÉ{}#SÉ{}(_{O|)#SÉ{}s#SÉ{({P|)#
?24472,Se}s#Se#
?24492,iq}Ђ#iqR{(C|R)#iqR{(R|J)#
?24496,iq}Ȃ#iq#iq{(É|Ð)#
?24516,iq}Ȃ#iq{(É|Ð)#iq{(Ð|{)#
?24527,iqC{#iqC{V#
?24546,iq}Ђ#iqR{(C|R)#
?24547,iq}Ђ#iqR{(Zc|C)#
?24551,iq}Ђ#iqR{(C|R)#
?24552,iq}Ђ#iqR{(R|J)#
?24566,iqC{#iqC{V#
?24577,Se}s#Se#
?24586,iq}Ђ#iq#iqR{(򕌁|Zc)#iqR{(Zc|C)#ǐS#
?24599,Se}s#Se#
?24611,Se}s#Se#
?24618,xRnSPn#xRnSQn#xRnSRn#
?24622,xRnS{#xRnSR#xRnSszE#
?24623,iq}Ђ#iqR{(R|J)#iqR{(J|xR)#
?24624,xRnSR#xRnSszE#
?24632,xRnS{#xRnSR#
?24634,xRnS{#xRnSR#
?24639,xRnS{#xRnSR#
?24641,iq}Ђ#iqR{(J|xR)#
?24648,xRnSPn#xRnSQn#
?24662,xRnSPn#xRnSQn#
?24670,xRnSPn#xRnSQn#
?24671,xRnSPn#xRnSQn#
?24677,xRnSPn#xRnSQn#xRnSRn#
?24698,iq[#iqX#̕ƂܓS#
?24709,xRnSPn#xRnSQn#xRnSRn#
?24711,xRnS{#xRnSR#xRnS{}#
?24712,xRnSPn#xRnSQn#xRnSRn#
?24716,xRnS{#xRnSR#xRnSszE#xRnS{}#
?24721,iqV₫#iqV͂#iqV邬#iq}Ђ#iqR{(J|xR)#̕ƂܓS#
?24722,xRnSPn#xRnSQn#xRnSRn#
?24730,̕ƂܓS#xRnS{#
?24735,xRnSPn#xRnSQn#
?24737,xRnSPn#xRnSQn#
?24749,iq}Ђ#iqR{(J|xR)#
?24752,xRnS{#xRnSR#
?24767,xRnSPn#xRnSQn#
?24773,xRnSPn#xRnSQn#
?24785,Éscߕ#SLc#
?24787,S͘a}#S͘a}s#S͘a(c|xM)#
?24789,S튊(c|튊)#S튊E`}(_{O|`)#S튊E`}#
?24796,LSc{(Ԋ)#LSc{(^O)#
?24797,LSc{(Ԋ)#LSc{(^O)#
?24802,SÉ{}(L|É)#SÉER#
?24803,iqC{(L|)#iqC{#iqC{V#
?24808,SÉER}#SÉER#
?24809,SÉ{}s#SÉ{(ɓށ|)#
?24812,SR}#SR(R|VL)#Sq#SÉER~[XJC#SÉER}s(_{O|VL)#SÉER}#SÉER#SL(R|V)#
?24813,SÉER}#SÉER#
?24814,SR}#SR(R|VL)#SÉER~[XJC#SÉER}s(_{O|VL)#
?24815,LSc{(Ԋ)#LSc{(^O)#
?24816,Éscʐ#ÉscR#
?24819,SR}#SÉER~[XJC#SÉER}s(_{O|VL)#SÉER}#SÉER#
?24825,iqѓc(L|L)#iqѓc(L|V)#
?24828,SmV}#SmV}s#SmV#
?24830,SLc#SO͐(m|)#SO͐(Lcs|~)#
?24835,LSc{(Ԋ)#LSc{(^O)#
?24840,Sz`#S튊}s#S튊(_{O|c)#S튊E`}#
?24844,iq{(É|Ð)#ÉscE#Ésc#Sː}s#Sː#
?24845,S͘a}#S͘a}s#S͘a(c|xM)#S튊}#S튊}s#S튊(c|튊)#S튊(_{O|c)#S튊E`}(_{O|`)#S튊E`}#
?24847,S튊(c|튊)#S튊E`}#
?24848,iqL#iqC{(L|)#iqC{#iqC{V#
?24850,Sː}s#Sː#
?24851,iqC{(L|)#iqC{#iqC{V#mS#
?24860,Sː}s#Sː#
?24861,Sː}s#Sː#
?24862,iq}炳#iq}Ђ#iqC{(L|)#iqC{#iqC{V#
?24863,Sː}s#Sː#
?24866,S튊(c|튊)#S튊E`}(_{O|`)#S튊E`}#
?24871,SR}#SÉER}s(_{O|VL)#SÉER}#SÉER#
?24876,iq{(É|Ð)#CʎƏk#
?24877,iq{(É|Ð)#iqC{(L|)#iqC{#iqC{V#Ésc`#ÉscE#Ésc#SÉ{~[XJC#SÉ{}#SÉ{}(_{O|)#SÉ{}(_{O|É)#SÉ{}s#SÉ{}s({|{)#SÉ{}s(V|É)#SÉ{}(L|É)#SÉ{(_{O|R)#SÉER~[XJC#SÉER}s(_{O|VL)#SÉER}#SÉER#
?24881,Éscѓc#Sq#
?24882,Éscߕ#SÉER}s(_{O|VL)#SÉER}#SÉER#
?24885,SmV}#SmV}s#SmV#
?24892,iqC{(L|)#iqC{#iqC{V#SO͐(ɓ|m)#
?24899,iqC{(L|)#iqC{#iqC{V#SS#
?24901,iqC{(L|)#iqC{#
?24908,Sː}s#Sː#
?24909,SÓ}#SÓ#
?24911,SS#S}s(gǋgc|V)#
?24912,ߓSÉ#ߓSÉ}s#ߓSÉ}#
?24913,ߓS}Ђ̂Ƃ#ߓSɉ}#ߓS㉳}#ߓSb}#ߓSÉ#ߓSÉ}s#ߓSÉ}#
?24915,ߓSÉ#ߓSÉ}s#ߓSÉ}#
?24920,LSc{(Ԋ)#LSc{(^O)#
?24922,SL#SÉ{}#SÉ{}s#SÉ{}s({|{)#SÉ{(ɓށ|)#
?24923,iq{(É|Ð)#mS#
?24924,iqC{(L|)#iqC{#
?24925,SR}#SÉER~[XJC#SÉER}s(_{O|VL)#SÉER}#SÉER#
?24926,SÉ{}#SÉ{}(_{O|)#SÉ{}s#SÉ{}s({|{)#SÉ{({P|)#
?24927,S͘a}#S͘a(xM|͘a)#
?24928,S͘a}#S͘a(xM|͘a)#
?24931,iqѓc(L|L)#iqѓc(L|V)#
?24933,SÉER}#SÉER#
?24938,S튊(c|튊)#S튊E`}#
?24941,Éscʐ#Éscߕ#
?24945,Sː}s#Sː#
?24950,S}s(gǋgc|V)#S(|V)#
?24952,SÉ{}s#SÉ{}s({|{)#SÉ{}(É|{P)#SÉ{(É|{P)#SÉER}s(_{O|VL)#SÉER}#SÉER#
?24953,ߓSÉ#ߓSÉ}#
?24956,S}#S(Ó|x)#
?24958,Sː}s#Sː#
?24959,S튊(_{O|c)#S튊E`}#
?24962,SÓ}#SÓ#
?24975,LSc{(Ԋ)#LSc{(^O)#
?24977,SÉ{}#SÉ{}s#SÉ{}s({|{)#SÉ{}s(V|É)#SÉER#S}s(gǋgc|V)#S(|V)#
?24978,SÉ{}#SÉ{}(_{O|)#SÉ{}s#SÉ{}s({|{)#SÉ{({P|)#S(ʃm|{)#S({|Ó)#
?24980,LSc{(Ԋ)#LSc{(^O)#
?24983,SÉ{}#SÉ{}(_{O|)#SÉ{}s#SÉ{({P|)#
?24984,SÉ{}s#SÉ{}s({|{)#SÉ{({P|)#
?24986,iq}ɓߘH#iqѓc(L|V)#
?24987,Sː}s#Sː#
?24990,SR}#SÉ{~[XJC#SÉ{}#SÉ{}(_{O|)#SÉ{}(_{O|É)#SÉ{}s#SÉ{}s({|{)#SÉ{}s(V|É)#SÉ{}(É|{P)#SÉ{}(L|É)#SÉ{(É|{P)#SÉER~[XJC#SÉER}s(_{O|VL)#SÉER}#SÉER#
?24992,S튊(c|튊)#S튊E`}(_{O|`)#S튊E`}#
?24997,SÓ}#SÓ#
?24999,S튊}#S튊}s#S튊(_{O|c)#S튊E`~[XJC#S튊E`}(_{O|`)#S튊E`}#SÉ{~[XJC#SÉ{}#SÉ{}(_{O|)#SÉ{}(_{O|É)#SÉ{}s#SÉ{}s({|{)#SÉ{}s(V|É)#SÉ{}(L|É)#SÉ{(_{O|R)#SÉER~[XJC#SÉER}s(_{O|VL)#SÉER}#SÉER#
?25002,SÓ}#SÓ#SÉ{}s#SÉ{}s({|{)#SÉ{}(É|{P)#SÉ{({P|)#SÉ{(É|{P)#
?25004,S͘a}s#S͘a(c|xM)#
?25008,Sː}s#Sː#
?25010,SÉ{}s#SÉ{}s({|{)#SÉ{}s(V|É)#SÉ{}(L|É)#SÉER#
?25012,LSc{(Ԋ)#LSc{(^O)#
?25022,S͘a}s#S͘a(c|xM)#
?25029,S튊(_{O|c)#S튊E`}#
?25032,SÉ{}(L|É)#SÉER#
?25033,iq}Ȃ#iq{(É|Ð)#ÉscR#
?25034,SmV}#SmV}s#SmV#
?25035,S͘a}#S͘a}s#S͘a(c|xM)#
?25036,S͘a}#S͘a}s#S͘a(c|xM)#
?25037,SÉ{}#SÉ{}s#SÉ{}s({|{)#SÉ{}s(V|É)#SÉER#SO͐(m|)#SO͐(ɓ|m)#
?25039,SÓ}#SÓ#S}#S({|Ó)#S(Ó|x)#
?25042,iq{(É|Ð)#Éscߕ#
?25044,S튊(c|튊)#S튊E`}#
?25053,S튊(c|튊)#S튊E`}(_{O|`)#S튊E`}#
?25057,ߓSÉ#ߓSÉ}#
?25058,SÉ{}s(V|É)#SÉ{}(L|É)#SÉER#
?25059,iq}ɓߘH#iqѓc(L|L)#iqѓc(L|V)#
?25061,SO͐(m|)#SO͐(Lcs|~)#
?25063,iqVЂ(|)#iqV(|V)#iq}ɓߘH#iqѓc(L|L)#iqѓc(L|V)#iqC{(l|L)#iqC{(L|)#iqC{#iqC{V#SÉ{}#SÉ{}s#
?25077,iqV̂#iqVЂ(|)#iqV(|V)#iq}Ȃ#iq}炳#iq}I#iq}Ђ#iq݂#iq֐{(É|TR)#iq{(É|Ð)#iqC{(L|)#iqC{#iqC{V#Éscʐ#ÉscR#ÉՊCSȂݐ#
?25078,SÉ{}(L|É)#SÉER#
?25081,S͘a}s#S͘a(c|xM)#
?25083,SÉ{}s#SÉ{}s({|{)#SÉ{}s(V|É)#SÉ{}(L|É)#SÉER#
?25089,S}s(gǋgc|V)#S(|V)#
?25097,SÉER}s(_{O|VL)#SÉER}#SÉER#
?25101,SmV}#SmV}s#SmV#
?25111,Sː}s#Sː#
?25112,SÉ{}#SÉ{}s#SÉ{}s({|{)#SÉ{(ɓށ|)#SÉER#
?25118,LSc{(Ԋ)#LSc{(^O)#
?25120,SÉ{(É|{P)#SÉER#
?25126,S}#S(Ó|x)#
?25131,iqC{(L|)#CʎƏk#
?25134,S͘a}#S͘a}s#S͘a(xM|͘a)#S͘a(c|xM)#SmV}#SmV}s#SmV#
?25137,Éscߕ#ÉscR#
?25140,mʃj#ÉscR#
?25143,SÉER}s(_{O|VL)#SÉER}#SÉER#
?25146,SÉ{}(É|{P)#SÉ{(É|{P)#
?25147,LSc{(Ԋ)#LSc{(^O)#
?25151,S}s(gǋgc|V)#S(|V)#
?25157,SÉER}s(_{O|VL)#SÉER}#SÉER#
?25159,SÉ{}s#SÉ{}s({|{)#SÉ{}s(V|É)#SÉ{}(L|É)#SÉER#
?25163,iq}ɓߘH#iqѓc(L|V)#
?25164,LSc{(Ԋ)#LSc{(^O)#
?25169,Éscʐ#Éscߕ#
?25173,SÉ{}s#SÉ{}s({|{)#SÉ{(ɓށ|)#
?25175,iqV(|V)#iqC{(L|)#
?25196,iqC{(L|)#iqC{#
?25202,S}s(gǋgc|V)#S(|V)#
?25203,S͘a}s#S͘a(c|xM)#
?25205,S͘a}#S͘a}s#S͘a(c|xM)#
?25206,SmV}#SmV}s#SmV#
?25216,SÉ{}s#SÉ{}s({|{)#SÉ{(ɓށ|)#
?25227,iq֐{(É|TR)#S(Ó|x)#
?25235,iq}ɓߘH#iqѓc(L|V)#
?25237,S}s(gǋgc|V)#S(|V)#
?25243,ߓS(|ɐ)#ߓS}s#
?25247,ߓSÉ#ߓSÉ}#
?25261,iq֐{(TR|)#ɉSɉ(ɉ|s)#
?25262,ɉSɉ(s|ɉ_)#ߓSɉ}()#ߓS(|ɐ)#ߓS}s#
?25263,ߓS(|ɐ)#ߓS}s#
?25267,ߓSɓ}#ߓSɉ}()#ߓSɉ}(H)#ߓSɉ}#ߓSH#
?25268,ߓSÉ#ߓSÉ}#
?25278,iq݂#iqQ{#ߓSɓ}#ߓSɉ}()#ߓSɉ}(H)#ߓSɉ}#ߓSRc#ߓSRc}s#
?25280,ߓSɓ}#ߓSɉ}()#ߓSɉ}(H)#ߓSɉ}#ߓS(|ɐ)#ߓS}s#ߓSÉ#ߓSÉ}s#ߓSRc#ߓSRc}s#
?25286,ߓS鎭#ߓSÉ#ߓSÉ}s#
?25293,ɉSɉ(ɉ|s)#ɉSɉ(s|ɉ_)#
?25295,ߓSɓ}#ߓSɉ}()#ߓSɉ}#ߓSu#
?25296,ߓSɓ}#ߓSɉ}()#ߓSɉ}(H)#ߓSɉ}#ߓSH#ߓSRc#ߓSRc}s#
?25302,ߓSÉ#ߓSÉ}s#
?25316,iq}I#iqI{(TR|V{)#
?25318,ߓSɓ}#ߓSɉ}()#ߓSɉ}#ߓSu#
?25319,ߓSÉ#ߓSÉ}#
?25325,iq֐{(É|TR)#iq֐{(TR|)#iqI{(TR|V{)#
?25332,iq֐{(É|TR)#ɐS#
?25333,ߓSÉ#ߓSÉ}#
?25336,iq}I#iqI{(TR|V{)#
?25337,ߓS(|ɐ)#ߓS}s#
?25340,ߓSÉ#ߓSÉ}s#ߓSÉ}#OSO#
?25341,ߓSÉ#ߓSÉ}#
?25342,ߓSɉ}#ߓS㉳}#ߓSÉ#ߓSÉ}s#ߓSÉ}#ߓS̎R#
?25347,iq}I#iqI{(TR|V{)#
?25348,iq}I#iq݂#iq֐{(É|TR)#ߓSɉ}#ߓS㉳}#ߓSÉ#ߓSÉ}s#ߓSÉ}#{VS{V(K|_)#
?25357,ߓSɉ}(H)#ߓS(|ɐ)#ߓS}s#
?25361,ߓSÉ#ߓSÉ}s#
?25363,ߓSɓ}#ߓSɉ}()#ߓSɉ}#ߓSu#
?25372,ߓSɉ}#ߓS㉳}#ߓSÉ#ߓSÉ}s#
?25375,iq}I#iq݂#ɐS#
?25376,iq݂#ɐS#
?25384,iq}I#iq݂#iqI{(TR|V{)#iqQ{#
?25392,iq}I#iq݂#iqI{(TR|V{)#ɐS#ߓS}Ђ̂Ƃ#ߓSɉ}#ߓS㉳}#ߓSb}#ߓSÉ#ߓSÉ}s#
?25393,iq֐{(TR|)#iqÐ#
?25394,ߓSÉ#ߓSÉ}s#
?25400,iq݂#iqQ{#ߓSɓ}#ߓSɉ}()#ߓSɉ}(H)#ߓSɉ}#ߓSu#ߓSH#
?25402,ߓSÉ#ߓSÉ}#
?25414,ߓSɓ}#ߓSɉ}()#ߓSɉ}(H)#ߓS㉳}#ߓS(|ɐ)#ߓS}s#
?25418,ߓS(|ɐ)#ߓS}s#
?25427,ߓS(|ɐ)#ߓS}s#
?25431,ߓSÉ#ߓSÉ}s#
?25434,lsȂ낤S#lsȂ낤Sq#
?25437,iq݂#iqQ{#
?25442,ߓSÉ#ߓSÉ}#
?25445,iq}I#iq݂#iqI{(TR|V{)#iq#ߓSɓ}#ߓSɉ}()#ߓSɉ}(H)#ߓSɉ}#ߓSRc#ߓSRc}s#
?25452,iq}I#iqI{(TR|V{)#
?25454,ߓSÉ#ߓSÉ}s#
?25458,ߓS(|ɐ)#ߓS}s#
?25462,ߓSÉ#ߓSÉ}s#
?25467,iq}I#iq݂#iq֐{(É|TR)#
?25475,iqΐ(s|i)#iqCERz{V#
?25482,iqCERz{#iqCERz{V#
?25489,iq}T_[o[h#iqΐ(s|i)#iqΐ(ߍ]Á|ߍ])#iqCERz{V#
?25490,iqΐ(ߍ]Á|ߍ])#iqCERz{V#iqk{(Č|։)#
?25492,iqΐ(s|i)#iqCERz{V#
?25493,iqΐ(s|i)#iqΐ(ߍ]Á|ߍ])#iqCERz{V#
?25495,iqCERz{#iqCERz{V#ߍ]Ss#
?25496,iqΐ(s|i)#iqCERz{V#
?25498,iqCERz{#iqCERz{V#
?25502,iq}T_[o[h#iqΐ(s|i)#iqCERz{V#
?25506,iqCERz{V#iqk{(Č|։)#
?25510,iqΐ(s|i)#iqCERz{V#
?25511,iqCERz{V#iqk{(Č|։)#
?25512,iqÐ#ߍ]Sߍ]{(s|M)#Myc#
?25514,iq}Ђ#iqÐ#iqCERz{#iqCERz{V#
?25522,iqCERz{V#iqk{(Č|։)#
?25532,iqΐ(s|i)#iqCERz{V#
?25537,iqCERz{V#iqk{(Č|։)#
?25538,ߍ]Sߍ]{(Č|s)#ߍ]S#
?25540,iqCERz{V#iqk{(Č|։)#
?25547,iqCERz{V#iqk{(Č|։)#
?25551,iq}炳#iqCERz{V#iqk{(Č|։)#
?25552,iqΐ(s|i)#iqΐ(ߍ]Á|ߍ])#iqCERz{V#
?25553,iqΐ(s|i)#iqCERz{V#
?25555,iqCERz{#iqCERz{V#
?25556,ΎR{#㋞Ð#
?25557,iqΐ(s|i)#iqCERz{V#
?25558,iqCERz{#iqCERz{V#ߍ]Sߍ]{(Č|s)#
?25565,iqVЂ(|)#iqV(|V)#iq}炳#iq}Ђ#iqCERz{#iqCERz{V#iqC{(_|Č)#iqk{(Č|։)#ߍ]Sߍ]{(Č|s)#
?25566,iqΐ(s|i)#iqΐ(ߍ]Á|ߍ])#iqCERz{V#
?25574,iqCERz{#iqCERz{V#
?25578,iqCERz{#iqCERz{V#
?25579,iqCERz{#iqCERz{V#
?25580,ߍ]Sߍ]{(Č|s)#ߍ]Sߍ]{(s|M)#ߍ]Ss#
?25581,iqCERz{V#iqk{(Č|։)#
?25586,iq}͂#sOS{L#
?25587,iq}͂#sOS{L#
?25588,iq}̂#iq}͂#iq}܂Â#iqRA{(|mR)#iqߐ#
?25593,iqRA{(|mR)#iqߐ#
?25594,ߓSs#ߓSs(|c|Vc)#
?25601,iqޗǐ#iq݂₱H#
?25607,sscGې#ssc#ssc(ˁ|`V_)#
?25610,iq}͂#sOS{#
?25614,ߓSs#ߓSs(|c|Vc)#ߓSs}s#
?25618,ߓSs#ߓSs(|c|Vc)#
?25623,dCSR{#dCSk#
?25624,}R#}s{}#}s{}#
?25631,iq}̂#iq}͂#iq}܂Â#iqRA{(s|)#
?25632,iq֐{(TR|)#iq֐{aH#
?25634,}s{}#}s{}#
?25635,}s{}#}s{}#
?25642,iq}͂#sOS{L#
?25643,iqВEEmR#iq֐{aH#iqޗǐ#iq݂₱H#
?25647,iqV̂#iqVЂ(|)#iqV(|V)#iq}̂#iq}낵#iq}T_[o[h#iq}X[p[͂#iq}͂#iq}͂邩#iq}Ђ#iq}܂Â#iqΐ(s|i)#iqRA{(s|)#iqCERz{#iqCERz{#iqCERz{V#iqCEmR#iqޗǐ#iq݂₱H#sscGې#ߓSɓ}#ߓS}#ߓSޓ}#ߓSs#ߓSs}s#
?25648,ߓSɓ}#ߓS}#ߓSޓ}#ߓSs#ߓSs(|c|Vc)#ߓSs}s#
?25653,ߓSs#ߓSs(|c|Vc)#
?25654,iq}͂#sOS{L#
?25660,ssc#ssc(ˁ|`V_)#
?25663,iqCERz{#iqCERz{#iqCEmR#
20012,iq}Iz[cN#iq}JC#iq}Txc#iq}@J#iq}#iq}CbN#iqΖk{(|)#iq@J{(|)#iqٖ{(〈|)#iqxǖ#
23241,S{#S{(J|CV)#S{#
23243,c}c(c|c)#c}c}s#c}c}s#
23244,iqlkEݐ#iqߌ(ߌ|)#iqߌ(ߌ|CŉY)#iqߌ(ߌ|)#
23246,iqߌ(ߌ|)#iqߌ(ߌ|CŉY)#iqߌ(ߌ|)#
23248,c}c(c|c)#c}c}s#c}c}s#
23251,iq}cGNXvX#iqANeB[#iqÓVhC#iqÓVhC#iqC{(|MC)#iq{#lscnSu[C#
23256,}GA|[g}s(}c|򕶌)#}{#
23259,iql#iql#lscnSO[C#
23260,iql#iql#}css#}css}s#ǂ̍#
23267,SVl#S{#S{(J|CV)#S{#S{}#
23269,iqÓVhC#iqC{(|MC)#
23272,}GA|[g}s(}c|򕶌)#}{#
23275,iq앐(|)#c}c(Vh|{)#c}c}s#c}c}s#c}c}#
23277,iq앐(K|l)#}{#
23280,c}}X[p[͂#c}}͂#oRS(c|{)#oRS({|)#
23281,iq͐#iql#iql#͌#͌}##}s#ԋ}s#}(Vh|{)#
23283,iq}ӂ#c}}#c}c(c|c)#c}c}s#c}c}s#
23291,iqÓVhC#iq{#
23296,}GA|[g}s(}c|򕶌)#}{#
25669,㒆VE{}#㒆VE{#{}#{(o|)#
25676,㒆VE{}#㒆VE{#{}#{}#{(o|)#
25680,㒆VE{}#㒆VE{#{}#{}#{(o|)#
25683,㒆VE{}#㒆VE{#{}#{}#{(o|)#
25690,ߓSs#ߓSs(|c|Vc)#ߓSs}s#
25692,ߓSs#ߓSs}s#
25695,iqޗǐ#iq݂₱H#
25696,㒆VE{}#㒆VE{#{}#{(o|)#
25697,iq}̂#iq}͂#iq}܂Â#iqRA{(s|)#iqRA{(|mR)#
25699,iqRA{(|mR)#iqߐ#
25700,bRdSbR{#bRdSƔn#
25701,sscGې#ߓSs#ߓSs(|c|Vc)#ߓSs}s#
25705,iqޗǐ#iq݂₱H#
25706,iq}͂#sOS{L#
25711,㒆VE{}#㒆VE{#{}#{}#{(o|)#
25713,F#㒆VE{}#㒆VE{#{}#{}#{(o|)#
25716,ߓSs#ߓSs(|c|Vc)#
25717,bRdSbR{#㒆VE{}#㒆VE{#{}#{}#{(o|)#
25718,ߓSs#ߓSs}s#
25720,iqޗǐ#iq݂₱H#㒆VE{}#㒆VE{#{}#{(o|)#
25722,ߓSs#ߓSs(|c|Vc)#
25724,㒆VE{}#㒆VE{#{}#{(o|)#
25731,}s{}#}s{}#
25735,iqCERz{#iqCERz{#iqCEmR#
25738,iq}܂Â#iqߐ#sOS{#
25740,iq}̂#iq}͂#iq}܂Â#iqRA{(s|)#ssc#ssc(ˁ|`V_)#
25742,iq}͂#sOS{L#
25743,㒆VE{}#㒆VE{#{}#{(o|)#
25746,iq}܂Â#iql#iqߐ#
25750,㒆VE{}#㒆VE{#{}#{(o|)#
25751,iq}̂#iq}̂Ƃ#iq}͂#iqRA{(|mR)#iqRA{(mR|L)#iqmR#iqߐ#sOS{#
25752,ߓSs#ߓSs(|c|Vc)#
25753,㒆VE{}#㒆VE{#{}#{(o|)#
25754,㒆VE{}#㒆VE{#{}#{(o|)#
25755,㒆VE{}#㒆VE{#{}#{(o|)#
25763,iqВEECERz#iqВEEmR#
25766,㒆VE{}#㒆VE{#{}#{(o|)#
25769,ssc#ssc(ˁ|`V_)#㋞Ð#
25770,iq}͂#sOS{L#
25773,iq}͂#sOS{L#sOS{#sOS{#
25776,ߓSs#ߓSs(|c|Vc)#
25777,iqCERz{#iqCERz{#iqCEmR#
25780,ߓSs#ߓSs(|c|Vc)#ߓSs}s#
25785,iqCERz{#iqCERz{#iqCEmR#
25786,iqΐ(s|i)#iqCERz{#iqCERz{V#ssc#
25791,㒆VE{}#㒆VE{#{}#{(o|)#
25793,㒆VE{}#㒆VE{#{}#{(o|)#
25796,iqޗǐ#iq݂₱H#
25809,dCO㒬#dCO#
25812,C}s#Cԋ}s#
25815,OsakaMetroO#OsakaMetro#
25816,}s{#}s{}#}s{}#}痢#
25817,ߓS({|͓)#ߓSԏ}#
25818,dCO㒬#dCO#
25819,}˖{#}˖{}s#
25820,ߓSޗǐ#ߓSޗǐ}s#ߓSޗǐԏ}#
25824,}˖{#}˖{}s#}ʐ#
25825,C#C`}s#Cԋ}s#
25828,C}TU#C}s[g#C}s[g#C#C`}s#Cԋ}s#
25829,iqIBH#iqa(V|a̎R)#
25830,iqIBH#iqa(V|a̎R)#
25831,iqa(V|a̎R)#iqaԉ#
25832,iq֋#iqIBH#iqa(V|a̎R)#iqaԉ#
25834,iqCERz{#iqCERz{#iqCEmR#
25836,}s{#}s{}#}s{}#
25839,ߓS({|͓)#ߓSޗǐ#
25840,OsakaMetroؐ#OsakaMetroO#
25846,ߓSɉ}()#ߓSɉ}(H)#ߓSޓ}#ߓS}Ђ̂Ƃ#ߓS㉳}#ߓSb}#ߓS({|͓)#ߓS}s#ߓSԏ}#ߓSޗǐ#ߓSޗǐ}s#ߓSޗǐ}s#ߓSޗǐԏ}#
25847,_Rzʓ}#_{}#_{}s#_{#
25848,}s{#}s{}#}s{}#}_˖{#}_˖{}#}˖{#}˖{}s#
25850,OsakaMetro䓰ؐ#k}sdS#
25851,OsakaMetroؐ#dCO#
25853,iqQ}TCYo_#iqQ}TCY#iq}̂Ƃ#iq}T_[o[h#iq}X[p[͂#iq}͂܂#iq}Ђ#iq#iqO#iq֋#iq֐{aH#iqIBH#iqCERz{#iqCERz{#iqCERz{V#iqCEmR#iqmR#
25854,ߓSg}#ߓS(싴|Îs)#ߓS}s#ߓS}#
25860,iq֋#iqIBH#iqa(V|a̎R)#iqa(P|H)#iqaԉ#
25861,㒆VE{#{(o|)#
25862,C#Cԋ}s#
25864,C}TU#C#Cԋ}s#
25865,ߓS({|͓)#ߓSԏ}#
25866,C#C`}s#Cԋ}s#ԓS#
25868,iq֐{#ߓS#
25870,ߓS({|͓)#ߓSԏ}#
25873,ヂm[#㒆VE{#{(o|)#
25875,}s{#}s{}#
25877,ߓS(Îs|_{O)#ߓS}#
25878,㒆VE{}#㒆VE{#{}#{(o|)#
25880,iqВEECERz#iqВEEmR#
25883,ߓS({|͓)#ߓS}s#ߓSԏ}#
25884,ߓSޗǐ#ߓSޗǐԏ}#
25885,ߓS#C}#C#C}s#Cԋ}s#
25887,ߓS(싴|Îs)#ߓS}#
25889,ߓS({|͓)#ߓSԏ}#ߓSMM#
25891,iq}͂邩#iq֋#C}s[g#C}s[g#C`}s#
25896,OsakaMetroؐ#OsakaMetroxߌΒn#
25898,iq#iq֐{#iq֐{#iq֐{aH#
25901,iq#iqO#iqВEECERz#iqВEEmR#iq֋#iqIBH#OsakaMetroxߌΒn#㒆VE{}#㒆VE{#{}#{}s#{}#{(o|)#
25905,C#C#C#
25906,iqCERz{#iqCEmR#
25907,C}TU#C}s[g#C#C`}s#Cԋ}s#
25909,iqa(V|a̎R)#iqaԉ#
25915,C#C}s#Cԋ}s#
25917,OsakaMetroؐ#{}#{}s#{}#{(o|)#
25921,ߓSɉ}()#ߓSޓ}#ߓS}Ђ̂Ƃ#ߓS㉳}#ߓSb}#ߓSޗǐ#ߓSޗǐ}s#ߓSޗǐ}s#ߓSޗǐԏ}#_Ȃΐ}s#_Ȃΐ#
25922,ߓSޗǐ#ߓSޗǐ}s#ߓSޗǐ}s#ߓSޗǐԏ}#
25923,ߓS({|͓)#ߓSԏ}#
25924,OsakaMetro#_Ȃΐ}s#_Ȃΐ#
25925,㒆VE{}#㒆VE{#{}#{}s#{}#{(o|)#
25927,iq֋#iqIBH#iqa(V|a̎R)#iqaԉ#
25928,iqa(V|a̎R)#iqaԉ#
25929,㒆VE{}#㒆VE{#{}#{(o|)#
25934,㒆VE{}#㒆VE{#{}s#{}#{(o|)#
25938,ߓS(Îs|_{O)#ߓS}#
25940,C}#C#C}s#Cԋ}s#
25941,㒆VE{}#㒆VE{#{}#{(o|)#
25943,C}TU#C}s[g#C#C`}s#Cԋ}s#
25944,iq֋#iqIBH#iqa(V|a̎R)#iqaԉ#
25945,OsakaMetroؐ#OsakaMetro#
25946,C}#C#C}s#Cԋ}s#C}#
25948,OsakaMetroO#_Ȃΐ}s#_Ȃΐ#
25950,iq#iqO#iq֋#iqIBH#
25951,C#Cԋ}s#
25952,C#Cԋ}s#
25965,ߓSMM#ߓSMMP[u#
25966,iq#iqВEECERz#OsakaMetroؐ#
25967,iqВEECERz#iqВEEmR#
25970,iqa(V|a̎R)#iqaԉ#
25974,iqa(V|a̎R)#iqaԉ#
25977,iq#iqO#iq֋#iq֐{#iq֐{#iq֐{aH#iqIBH#C}#C}TU#C}s[g#C}s[g#C#C`}s#Cԋ}s#C#C}s#Cԋ}s#C}#
25978,iqV̂#iqVЂ(|)#iqV(|V)#iqV(V|)#iqV݂#iqV#iq}낵#iq}̂Ƃ#iq}T_[o[h#iq}X[p[͂#iq}͂邩#iq}Ђ#iq#iqCERz{#iqCERz{#iqCERz{V#iqCEmR#OsakaMetro䓰ؐ#
25980,iqIBH#iqa(V|a̎R)#
25981,OsakaMetroxߌΒn#OsakaMetro䓰ؐ#
25984,iq֐{#iq֐{#
25985,}s{#}s{}#}s{}#}_˖{#}_˖{}#}˖{#}˖{}s#
25986,iqCERz{#iqCEmR#
25990,OsakaMetroj[g#OsakaMetrol#
25991,iqВEECERz#iqВEEmR#
25992,dCO㒬#dCO#
25995,dCO㒬#dCO#
25998,iqCERz{#iqCEmR#
25999,㒆VE{#{(o|)#
26002,㒆VE{#{(o|)#
26004,iqCERz{#iqCEmR#
26011,iq#iqO#iq֋#iq֐{aH#iqIBH#OsakaMetroxߌΒn#
26012,OsakaMetroؐ#OsakaMetroJ#
26018,iqCERz{#iqCERz{#iqCERz{V#iqCEmR#
26019,}s{#}s{}#}s{}#
26021,ߓS({|͓)#ߓSԏ}#
26024,㒆VE{#{(o|)#
26025,C#Cԋ}s#
26031,OsakaMetroO#OsakaMetroJ#
26032,OsakaMetroJ#OsakaMetro#
26033,OsakaMetroJ#OsakaMetroxߌΒn#
26037,C#Cԋ}s#
26038,C#Cԋ}s#
26039,OsakaMetro䓰ؐ#OsakaMetrol#
26040,OsakaMetroJ#ヂm[#
26042,C}s#Cԋ}s#
26044,C#Cԋ}s#
26046,iqCERz{#iqCEmR#
26051,iq#iqO#OsakaMetroO#ߓSɉ}()#ߓSɉ}(H)#ߓSޓ}#ߓS}Ђ̂Ƃ#ߓS㉳}#ߓSb}#ߓS({|͓)#ߓS}s#ߓSԏ}#ߓSޗǐ#ߓSޗǐ}s#ߓSޗǐ}s#ߓSޗǐԏ}#
26059,OsakaMetroؐ#C}#C}TU#C}s[g#C}s[g#C#C`}s#Cԋ}s#C#C}s#Cԋ}s#C}#
26061,OsakaMetroؐ#OsakaMetroJ#}痢#
26062,iq}낵#iq}͂邩#iq#iqO#iq֋#iq֐{#iq֐{#iq֐{aH#iqIBH#iqa(V|a̎R)#iqaԉ#OsakaMetroJ#OsakaMetro䓰ؐ#
26064,iq#iqO#iq֋#iqIBH#
26065,OsakaMetroJ#㒆VE{}#㒆VE{#{}#{}s#{}#{(o|)#
26069,C#Cԋ}s#
26074,iqa(V|a̎R)#iqaԉ#
26076,}˖{#}˖{}s#
26080,㒆VE{#{(o|)#
26081,OsakaMetroؐ#OsakaMetro䓰ؐ#
26082,ߓS#ߓS(싴|Îs)#ߓS}#
26084,}_˖{#}˖{#
26087,kS#C#C}#
26091,iqВEECERz#iqВEEmR#
26093,OsakaMetro#ߓS͂Ȑ#
26094,iqIBH#iqa(V|a̎R)#
26096,OsakaMetroؐ#OsakaMetroxߌΒn#
26100,C}#C}TU#C}s[g#C}s[g#C#C`}s#Cԋ}s#C#C}s#Cԋ}s#C}#
26101,OsakaMetroؐ#OsakaMetroO#
26104,iq#iqO#iq֋#iq֐{aH#iqIBH#iqߍ#_Ȃΐ}s#_Ȃΐ#
26105,㒆VE{#{(o|)#
26109,OsakaMetroO#OsakaMetroxߌΒn#
26110,ߓSޗǐ#ߓSޗǐԏ}#
26112,㒆VE{}#㒆VE{#{}s#{}#{(o|)#
26113,㒆VE{#{(o|)#
26117,_{}s#_{#
26123,C#Cԋ}s#
26124,C#Cԋ}s#
26125,C#C`}s#Cԋ}s#Ctl#
26126,ߓS(싴|Îs)#ߓS}#
26130,iq#iqВEECERz#iqВEEmR#
26134,C#C`}s#Cԋ}s#
26135,ヂm[#ەssm[#
26136,ߓSޗǐ#ߓSޗǐԏ}#
26138,iqa(V|a̎R)#iqaԉ#
26139,iq֋#iqIBH#iqa(V|a̎R)#iqaԉ#
26141,iqa(V|a̎R)#iqaԉ#
26146,ߓSޗǐ#ߓSޗǐԏ}#
26149,iqCERz{#iqCEmR#
26151,iq}낵#iq֋#iqIBH#iqa(V|a̎R)#iqaԉ#
26154,ߓSޗǐ#ߓSޗǐԏ}#
26155,㒆VE{}#㒆VE{#{}s#{}#{(o|)#
26156,#㒆VE{}#㒆VE{#{}#{}s#{}#{(o|)#
26165,iq#iqO#iq֋#iq֐{aH#iqIBH#
26169,ߓS(싴|Îs)#ߓS}#
26171,ߓSɉ}(H)#ߓS({|͓)#ߓS}s#ߓSԏ}#ߓSޗǐ#ߓSޗǐ}s#ߓSޗǐԏ}#
26174,ߓS#ߓS(싴|Îs)#ߓS(Îs|_{O)#ߓS}s#ߓS}#
26175,㒆VE{#{(o|)#
26176,iq#iqO#iq֋#iq֐{aH#iqIBH#OsakaMetro#
26177,ߓS({|͓)#ߓSԏ}#
26179,iqВEECERz#iqВEEmR#
26180,dCO㒬#dCO#
26181,ヂm[#}˖{#}˖{}s#
26182,OsakaMetro#OsakaMetro䓰ؐ#OsakaMetrol#
26186,㒆VE{}#㒆VE{#{}#{(o|)#
26192,C}s#Cԋ}s#
26193,C}s#Cԋ}s#
26195,iq֋#iqIBH#iqa(V|a̎R)#iqaԉ#C#C}#
26197,C}TU#C#Cԋ}s#Cސ#
26201,OsakaMetroؐ#OsakaMetro#
26204,}s{#}s{}#
26207,}s{#}s{}#
26211,OsakaMetroؐ#OsakaMetroJ#
26217,C#C}#
26222,㒆VE{}#㒆VE{#{}s#{}#{(o|)#
26223,㒆VE{#{(o|)#
26224,iq#iqO#OsakaMetro#OsakaMetroxߌΒn#
26232,iqIBH#iqa(V|a̎R)#
26235,C#Cԋ}s#
26238,OsakaMetro䓰ؐ#{}#{}s#{}#{(o|)#
26240,iq֋#C}s[g#C}s[g#C`}s#
26242,iqVЂ(|)#iqV(V|)#iqԕ#iqRz{(PH|R)#
26248,iqÐ(Ð|es)#_S(u|)#kS#
26251,iq}X[p[͂#iq}͂܂#iqВEECERz#iqCERz{#iqCERz{#iqCERz{V#
26252,iqRz{(PH|R)#iqCERz{#
26253,iqВEECERz#iqCERz{#
26254,iqВEECERz#iqCERz{#iqCERz{#iqCERz{V#
26255,_Rzʓ}#_{}#_{}s#_{#
26258,iqRz{(PH|R)#iqCERz{#
26259,iq}̂Ƃ#iqВEECERz#iqВEEmR#iqCERz{#iqCERz{#iqCERz{V#iqCEmR#iqmR#
26260,_Rzʓ}#_{}#_Ȃΐ}s#_{}s#_{}s#_Ȃΐ#_{#
26266,_SLn(|Ln)#_SLn(Ln|Ln)#_SLn}#_SOc#
26268,iq}͂܂#iqdA(O|acR)#
26274,iqCEmR#iqmR#
26276,_ˎscnS_ER#RzdS{#RzdS{(_})#_Rzʓ}#
26284,}Ð(Á|{k)#_{}s#_{}s#_{#
26286,_ːVʘZbACh#_Rzʓ}#_{}#_{}s#_{#
26293,iq}̂#iq}̂Ƃ#iq}͂܂#iqRA{(mR|L)#
26296,_SLn(|Ln)#_SLn}#
26303,RzdS{#_Rzʓ}#
26306,}_˖{#}_˖{}#
26313,iq}̂Ƃ#iqmR#
26314,iqÐ(Ð|es)#iqCERz{#iqCERz{V#
26318,iq}͂܂#iqRA{(L|l)#
26320,iq}X[p[Ȃ#iq}X[p[͂#iqRz{(PH|R)#q}s#
26323,_SLn(|Ln)#_SLn}#
26325,iqCEmR#iqmR#
26326,\dS#}˖{#}˖{}s#
26332,_SLn(|Ln)#_SLn}#
26336,iq}̂#iq}̂Ƃ#iq}͂܂#iqRA{(L|l)#
26350,_Rzʓ}#_{}#_{}s#_{}s#_{#
26351,iqВEECERz#iqCERz{#
26352,_ˍ(}})#_ˍ(_})#_ˍ(Rz)#_ˍ(_)#_Rzʓ}#
26353,_ˍ(_})#_ˍ(Rz)#_Rzʓ}#
26357,iq}͂܂#iqВEECERz#iqCERz{#iqCERz{#iqCERz{V#
26370,iq}̂Ƃ#iqmR#
26372,iq}X[p[Ȃ#iq}X[p[͂#iqPV(PH|p)#iqPV(p|ÎR)#q}s#
26373,iq}̂Ƃ#iqCEmR#iqmR#_SOc#
26375,iqQ}TCYo_#iqQ}TCY#iq}X[p[͂#iq}͂܂#iqВEECERz#iqCERz{#iqCERz{#iqCERz{V#
26377,RzdS{#_Rzʓ}#
26381,RzdS{#RzdS{(_})#_Rzʓ}#
26383,RzdS{#_Rzʓ}#
26385,RzdS{#_Rzʓ}#
26386,}_˖{#}_˖{}#}bz#
26387,iqВEECERz#iqCERz{#
26388,RzdS{#RzdSԊ#_Rzʓ}#
26389,_S(闖|u)#_S(u|)#
26399,_ˍ(}})#_ˍ(_})#_ˍ(Rz)#_ˍ(_S)#_Rzʓ}#
26400,iqV̂#iqVЂ(|)#iqV(V|)#iqV݂#iqV#_ˎscnS_ER#_ˎscnSk_#
26401,iqCEmR#iqmR#
26404,_SLn(|Ln)#_SLn}#
26405,iqВEECERz#iqCERz{#_ˎscnSCݐ#_ˎscnS_ER#
26408,_S(闖|u)#_SLn(|闖)#_SLn(|Ln)#_SLn}#
26410,iqВEECERz#iqCERz{#iqCERz{#
26411,RzdS{#RzdS{(_})#{Y[vEFC#
26412,RzdS{#RzdS{(_})#
26413,iqВEECERz#iqCERz{#iqCERz{#_ːVʘZbACh#
26415,iqВEECERz#iqCERz{#
26425,RzdS{#_Rzʓ}#
26426,iqВEECERz#iqCERz{#
26427,iq}̂Ƃ#iqCEmR#iqmR#}Ð({k|)#}˖{}s#
26435,iq}͂܂#iqRA{(L|l)#
26439,iqВEECERz#iqCERz{#
26441,iqÐ(es|J)#iqmR#
26442,_ˎscnSk_#_SLn(|Ln)#_SLn}#
26444,iqВEECERz#iqCERz{#iqCERz{#
26447,_ˍ(_})#_ˍ(Rz)#
26448,_Ȃΐ}s#_Ȃΐ#_{#
26449,iqВEEmR#iqCEmR#
26450,}ɒO#}_˖{#
26451,RzdS{#RzdS{(_})#_Rzʓ}#
26456,iq}͂܂#iqdA(PH|O)#iqdA(O|acR)#
26460,iq}̂#iq}̂Ƃ#iq}͂܂#iqRA{(mR|L)#iqRA{(L|l)#sOS{L#
26467,iqCEmR#iqmR#
26469,_SLn(|闖)#_SLn(|Ln)#_SLn}#
26470,iqВEECERz#iqCERz{#
26478,iqVЂ(|)#iqV(V|)#iqВEECERz#iqCERz{#iqCERz{#iqCERz{V#
26484,_ˍ(_})#_ˍ(Rz)#RzdS{#RzdS{(_})#
26486,iqВEECERz#iqCERz{#iqCERz{#
26487,_Rzʓ}#_{}#_{}s#_{}s#_{#
26488,}Ð({k|)#}Ð(Á|{k)#}_˖{#}_˖{}#
26489,iqCEmR#iqmR#
26493,_ˍ(_})#_ˍ(Rz)#_ˍ(_)#
26494,iqÐ(Ð|es)#iqÐ(es|J)#
26501,_ˍ(}})#_ˍ(Rz)#
26502,_SLn(|Ln)#_SLn}#
26503,iq}͂܂#iqRA{(L|l)#iqRA{(l|)#
26514,iqВEECERz#iqRz{(Ɂ|ac)#iqCERz{#iqCERz{#
26518,RzdS{#RzdS{(_})#
26522,RzdS{#_Rzʓ}#
26523,}˖{#}˖{}s#
26524,iqV̂#iqVЂ(|)#iqV(V|)#iqV݂#iqV#iqQ}TCYo_#iqQ}TCY#iq}X[p[͂#iq}͂܂#iqPV(PH|p)#iqRz{(PH|R)#iqCERz{#iqCERz{V#iqdA(PH|O)#
26525,_SLn(|闖)#_SLn(|Ln)#
26534,iq}͂܂#iqdA(PH|O)#
26548,iqВEECERz#iqCERz{#iqCERz{#
26549,RzdS{#_Rzʓ}#
26552,_SLn(|闖)#_SLn(|Ln)#
26556,_Rzʓ}#_{}#_{#
26563,_ˍ(_S)#_SLn(|闖)#_SLn(|Ln)#_SLn}#
26568,_SLn(|Ln)#_SLn}#
26569,_{}s#_{}s#_{#_ɐ#
26574,iqВEECERz#iqCERz{#iqCERz{#_ˍ(_})#_ˍ(Rz)#_ˍ(_)#_Rzʓ}#_{}#_{#
26582,\dS#\dS#
26583,_SLn(|Ln)#_SLn}#
26586,iq}̂#iq}̂Ƃ#iq}͂܂#iqRA{(mR|L)#
26587,_Sss#_SOc#
26591,iqВEECERz#iqCERz{#iqCERz{#
26592,iqRz{(Ɂ|ac)#_ˎscnSCݐ#
26593,iq}̂#iq}̂Ƃ#iq}͂܂#iqRA{(mR|L)#iqdA(O|acR)#
26594,ߓSg}#ߓSg#ߓSg}s#
26596,ߓSޗǐ#ߓSޗǐԏ}#
26598,ߓSޓ}#ߓS#ߓS͂Ȑ#ߓSޗǐ#ߓSޗǐ}s#ߓSޗǐ}s#ߓSޗǐԏ}#
26600,ߓSg#ߓSg}s#
26603,ߓS(Îs|_{O)#ߓS}#
26605,ߓS(Îs|_{O)#ߓS}#
26607,ߓS#ߓS}s#
26609,iq֐{#iq֐{#iq֐{aH#ߓS#
26612,ߓSg#ߓSg}s#
26617,ߓS(Îs|_{O)#ߓS}#
26618,ߓS}#ߓSg}#ߓS#ߓS}s#ߓS(Îs|_{O)#ߓS}s#ߓS}#ߓSg#ߓSg}s#
26621,ߓSޓ}#ߓSޗǐ#ߓSޗǐ}s#ߓSޗǐ}s#ߓSޗǐԏ}#
26624,ߓS#ߓS}s#
26628,ߓSޓ}#ߓSޓ}#ߓSs}s#ߓSޗǐ}s#ߓSޗǐ}s#
26631,ߓSg#ߓSg}s#
26633,iq֐{#iq֐{aH#
26635,ߓS}s#ߓSԏ}#
26638,iq#ߓS}s#ߓSԏ}#
26642,ߓSg}#ߓS䏊#ߓS(Îs|_{O)#ߓS}s#ߓS}#
26645,ߓSg}#ߓSg}s#
26648,ߓSs}s#ߓSޗǐ}s#ߓSޗǐ}s#
26651,ߓSV#ߓSV}s#
26652,ߓS(Îs|_{O)#ߓS}#
26653,iq֐{#iq#iqa̎R#
26654,ߓSg}#ߓS(Îs|_{O)#ߓS}s#ߓS}#
26655,ߓSs#ߓSs}s#
26659,ߓS#ߓS}s#
26663,ߓSg}#ߓSg#ߓSg}s#
26664,iq#ߓSV#ߓSV}s#
26665,ߓSޗǐ#ߓSޗǐԏ}#
26669,iq֐{#iq֐{aH#iq#iqޗǐ#iq݂₱H#
26670,iq֐{aH#iqޗǐ#
26671,ߓSV#ߓSV}s#
26673,ߓS}#ߓS#ߓS}s#
26675,ߓS(Îs|_{O)#ߓS}#
26676,ߓS(Îs|_{O)#ߓS}#
26678,ߓSɉ}()#ߓS}s#ߓSԏ}#
26681,ߓS}s#ߓSԏ}#
26683,ߓSޗǐ#ߓSޗǐԏ}#
26685,ߓS#ߓS}s#ߓSV#ߓSV}s#
26687,ߓSg}#ߓSg}s#
26690,ߓSP[u(O|R)#ߓSP[u(RR)#
26691,iq֐{#iq֐{aH#
26692,ߓS(Îs|_{O)#ߓS}#
26699,ߓSg}#ߓSg}s#
26702,ߓS#ߓS}s#
26704,ߓS}s#ߓSԏ}#
26705,ߓSg}#ߓSg}s#
26706,iq֐{#iq֐{aH#
26707,ߓSɓ}#ߓS}#ߓSޓ}#ߓSޓ}#ߓS#ߓS}s#ߓSs#ߓSs}s#ߓSޗǐ#ߓSޗǐ}s#ߓSޗǐ}s#ߓSޗǐԏ}#
26709,ߓSɉ}()#ߓS}s#ߓSԏ}#
26711,ߓSɓ}#ߓS}#ߓSɉ}()#ߓSɉ}(H)#ߓS}Ђ̂Ƃ#ߓS㉳}#ߓS}s#ߓSԏ}#ߓS#ߓS}s#
26713,ߓSg}#ߓSg}s#
26714,iqa̎R#ߓSg}#ߓSg#ߓSg}s#
26715,ߓSg}#ߓSg}s#
26730,iq}낵#iqI{(a̎R|Iɓc)#
26740,iqIBH#iqa(V|a̎R)#
26745,iq}낵#iq}I#iqI{(IɓcӁ|V{)#
26751,iq}낵#iqI{(a̎R|Iɓc)#iqI{(IɓcӁ|V{)#
26755,iqIBH#iqa(V|a̎R)#
26764,C#C#
26766,C}s#Cԋ}s#
26770,iq}낵#iqI{(IɓcӁ|V{)#
26779,iq}낵#iqI{(IɓcӁ|V{)#
26780,C}#CRP[u#C}s#
26781,iq}낵#iqI{(a̎R|Iɓc)#IBS#
26792,iq}낵#iqI{(IɓcӁ|V{)#
26793,iq}낵#iq}I#iqI{(TR|V{)#iqI{(IɓcӁ|V{)#
26795,iq}낵#iqI{(IɓcӁ|V{)#
26798,iq}낵#iqI{(IɓcӁ|V{)#
26819,iqa̎R#C}#C}s#
26825,iq}낵#iqI{(a̎R|Iɓc)#
26829,iq}낵#iqI{(a̎R|Iɓc)#
26830,iq}낵#iqI{(a̎R|Iɓc)#
26835,iqIBH#iqa(V|a̎R)#
26836,iq}낵#iqI{(a̎R|Iɓc)#
26838,C}#C}s#Cԋ}s#
26839,iq}낵#iqIBH#iqI{(a̎R|a̎Rs)#iqI{(a̎R|Iɓc)#iqa(V|a̎R)#iqa̎R#킩ܓdSMu#
26840,C}TU#Ca̎R`#
26841,iqI{(a̎R|a̎Rs)#C}TU#C#C#Ca̎R`#
26851,iq}͂܂#iqRA{(l|)#
26862,iq}X[p[#iq}X[p[͂#iq}X[p[܂#iqRA{(|Ďq)#
26865,iq}X[p[Ȃ#iq}X[p[͂#iq(q|)#S#
26870,iq}₭#iq(V|Ďq)#
26878,iq}X[p[Ȃ#iq}X[p[͂#iq(ÎR|q)#iq(q|)#q}s#
26880,iq}X[p[Ȃ#iq}X[p[#iq}X[p[͂#iq}X[p[܂#iq}͂܂#iq(q|)#iqRA{(|Ďq)#iqRA{(l|)#
26887,iq}₭#iq(V|Ďq)#
26896,iqRA{(|Ďq)#iq(V|Ďq)#
26899,iq}X[p[܂#iq}₭#iqRA{(|Ďq)#iq(V|Ďq)#
26912,iqQ}TCYo_#iq}X[p[#iq}X[p[܂#iq}₭#iq#iqRA{(|Ďq)#iqRA{(Ďq|o_s)#iq(V|Ďq)#
26925,iqQ}TCYo_#iq}X[p[#iq}X[p[܂#iq}₭#iqRA{(Ďq|o_s)#iqRA{(o_s|lc)#
26949,iq}X[p[#iq}X[p[܂#iqRA{(o_s|lc)#
26960,ꔨdԖk]#ꔨdԑА#
26971,iq}X[p[#iq}X[p[܂#iqRA{(o_s|lc)#
26981,iqQ}TCYo_#iq}X[p[#iq}X[p[܂#iq}₭#iq؎#iqRA{(Ďq|o_s)#
26991,iq}X[p[#iq}X[p[܂#iq}₭#iqRA{(Ďq|o_s)#
26996,iq}X[p[#iqR#
27001,iq}X[p[܂#iqRA{(o_s|lc)#
27003,iq}X[p[#iqR#
27004,iq}X[p[܂#iqRA{(o_s|lc)#
27007,iq}X[p[#iq}X[p[܂#iqRA{(o_s|lc)#
27010,iq}X[p[#iq}X[p[܂#iqRA{(o_s|lc)#iqRA{(lc|vc)#
27020,iq}X[p[#iq}X[p[܂#iqRA{(lc|vc)#iqRA{(vc|s)#iqR#
27021,iqQ}TCYo_#iq}X[p[#iq}X[p[܂#iq}₭#iqRA{(Ďq|o_s)#
27027,iq}X[p[#iq}X[p[܂#iqRA{(lc|vc)#
27029,iqQ}TCYo_#iq}X[p[#iq}X[p[܂#iq}₭#iqRA{(Ďq|o_s)#
27031,iq}X[p[#iq}X[p[܂#iqRA{(o_s|lc)#
27037,iq}₭#iq(R|V)#
27049,iq}X[p[Ȃ#iq}X[p[͂#q}s#
27050,iqF#iqˑ勴#
27051,iqV̂#iqVЂ(|)#iqV(V|)#iqV݂#iqV#iqQ}TCYo_#iqQ}TCY#iq}#iq}#iq}X[p[Ȃ#iq}앗#iq}₭#iqԕ#iqF#iqƂԂ#iq}Ci[#iqg#iqRz{(PH|R)#iqRz{(R|⍑)#iqˑ勴#iqÎR#iq(R|V)#
27052,RdCOP#RdCOR{#
27062,iqƂԂ#iqÎR#
27064,iqƂԂ#iqÎR#
27070,iq(R|V)#䌴S#
27071,iqF#iqˑ勴#
27074,iqQ}TCYo_#iq}₭#iqRz{(R|⍑)#iq(R|V)#
27078,iqQ}TCY#iq}#iq}#iq}앗#iq}Ci[#iqˑ勴#
27090,iqV(V|)#iqRz{(R|⍑)#
27095,iqF#iq}Ci[#iqˑ勴#
27097,iq}₭#iqg#iq(R|V)#䌴S#
27098,iqԕ#iqRz{(PH|R)#
27107,iqF#iq}Ci[#iqˑ勴#
27114,iq(ÎR|q)#iqƂԂ#iqPV(p|ÎR)#iqPV(ÎR|V)#iqÎR#
27118,iqRz{(R|⍑)#iq(R|V)#
27121,iqQ}TCYo_#iq}₭#iqPV(ÎR|V)#iq|(V|㗎)#iq(R|V)#iq(V|Ďq)#
27126,RdCOP#RdCOR{#
27128,iqRz{(R|⍑)#iq(R|V)#
27136,iqF#iq}Ci[#iqˑ勴#
27137,iqԕ#iqRz{(PH|R)#
27139,iq(ÎR|q)#iqPV(p|ÎR)#
27145,iq|(V|㗎)#iq(V|Ďq)#
27146,iqQ}TCYo_#iq}₭#iq(R|V)#
27149,iqF#iqˑ勴#
27154,iqF#iqˑ勴#
27158,iqƂԂ#iqÎR#
27159,iqƂԂ#iqÎR#
27179,RdCOP#RdCOR{#
27182,iqƂԂ#iqÎR#
27185,iq|HCi[#iq(L|L)#
27202,LdSP#LdSQ#LdSU#
27208,LdSP#LdST#LdSR#
27209,LdSP#LdST#LdSR#
27210,LdSP#LdST#LdSR#
27211,LdSP#LdST#LdSR#
27212,LdSP#LdST#LdSR#
27215,LdSW#LdSU#
27216,LdSP#LdSQ#LdSU#
27217,LdSP#LdST#LdSQ#LdSU#
27223,iq#LʃAXgC#
27228,LdSP#LdST#LdSR#
27229,iq|HCi[#iq(L|L)#iqRz{(R|⍑)#
27235,LdSP#LdSQ#LdSU#
27238,iq|(㗎|O)#iq({|O)#
27249,iq(R|{)#䌴S#
27250,LdSR#LdSQ#
27258,iq|HCi[#iq(L|L)#
27262,LdSP#LdST#LdSR#
27263,LdSR#LdSV#LdSQ#LdSU#
27264,LdSR#LdSQ#
27265,LdSR#LdSQ#LdS{#
27275,iq|HCi[#iq(L|L)#
27280,iq|(㗎|O)#iq({|O)#
27287,LdSP#LdSR#LdSV#
27306,LdSP#LdSR#LdSV#
27310,LdSP#LdSQ#LdSU#
27314,LdSP#LdSR#LdSV#
27320,LdSV#LdSW#
27322,LdSR#LdSQ#
27323,LdSR#LdSV#LdSQ#LdSW#LdSU#
27333,LdSR#LdSQ#LdSW#LdSU#
27344,LdSR#LdSQ#
27351,LdSP#LdSX#LdSQ#LdSU#
27364,iq|HCi[#iq(O|L)#iq(L|L)#
27365,iqV̂#iqVЂ(|)#iqV(V|)#iqV݂#iqV#iq|HCi[#iq#iq(L|L)#iq|(O|L)#iqRz{(R|⍑)#
27366,LdSP#LdST#LdSQ#LdSU#
27368,LdSP#LdSR#LdSV#
27370,LdSP#LdST#LdSR#
27374,LdSP#LdSR#LdSV#
27378,iq؎#iq|(V|㗎)#iq|(㗎|O)#
27387,LdSR#LdSQ#
27388,iqV̂#iqVЂ(|)#iqV(V|)#iqV#iqRz{(R|⍑)#iq(R|{)#
27389,LdSP#LdSR#LdSV#
27390,iq(R|{)#iq({|O)#
27392,LdSW#LdSU#
27393,LdSW#LdSU#
27394,LdSW#LdSU#
27395,LdSW#LdSU#
27396,LdSW#LdSU#
27403,LdSV#LdSW#
27404,LdSR#LdSV#LdSQ#LdSU#
27406,LʃAXgC#LdSP#LdSR#LdSV#
27408,LdSP#LdST#LdSQ#LdSU#
27415,LdSP#LdST#LdSR#
27417,iqV(V|)#iq(O|L)#iqRz{(R|⍑)#
27421,LdSP#LdSR#
27422,iq|(㗎|O)#iq|(O|L)#iq({|O)#
27424,iq(L|L)#iqRz{(R|⍑)#
27426,LdSP#LdST#LdSR#
27431,iq|(㗎|O)#iq({|O)#
27432,iq|HCi[#iq(L|L)#
27437,iq#iqRz{(R|⍑)#
27438,LdSV#LdSW#
27439,iq|HCi[#iq(L|L)#
27444,iqV(V|)#iqRz{(⍑|)#iqI(|s)#
27452,iqF#iqc(FV|c)#
27453,iq⓿#iqRz{(R|⍑)#iqRz{(⍑|)#
27459,iqF#iqRz{(⍑|)#
27460,iqF#iqc(FV|c)#
27468,iqV̂#iqVЂ(|)#iqV(V|)#iqV#iq}X[p[#iqF#iqRz{(⍑|)#iqR#
27470,iqc(FV|c)#iqRz{(⍑|)#
27479,iq⓿#ѐSѐ쐴#
27488,iq⓿#iqRz{(⍑|)#
27503,iqRA{(s|)#iqRz{(⍑|)#iqRz{(ց|q)#
27506,iqVЂ(|)#iqV(V|)#iqV#iqRz{(⍑|)#
27515,iqc(FV|c)#iqc(c|{R)#
27527,iq}X[p[#iqR#
27528,iqV̂#iqVЂ(|)#iqV(V|)#iqV#iq⓿#iqRz{(⍑|)#
27533,iqRA{(vc|s)#iqRA{(s|)#iqRA{(s|)#iqI(|s)#
27551,iqRA{(s|)#iqRz{(⍑|)#
27568,iq}X[p[#iqR#
27583,iq}X[p[#iqR#
27588,iq}X[p[#iqR#
27596,iq}R#iq#
27597,iq}ނ#iq(|)#iq(|)#
27598,iq}ނ#iq(|)#
27600,iq}܂#iq}R#iq}앗#iq#iqy](Օ|grc)#iqy](grc|m)#
27603,iq(|gC)#CݓSclu#CݓSsoX#
27604,iq}R#iq#
27606,iq}R#iq#
27608,iq}ނ#iq(|)#
27609,iq}ނ#iq(|)#
27613,iq}R#iq#
27614,iq}#iq#iq#
27615,iq}R#iq#
27616,iq}#iq#
27621,iq}܂#iq}앗#iqy](grc|m)#
27624,iq}R#iq#
27630,iq}R#iq#
27631,iq}ނ#iq(|)#
27635,iq#iq#iq#
27636,iq}R#iq#
27638,iq}#iq#iq#
27645,iq#iqy](Օ|grc)#
27648,iq}#iq}R#iq}ނ#iq#iq#iq#iq(|)#
27655,iq}ނ#iq(|)#
27657,iq}ނ#iq(|)#
27661,iq}ނ#iq(|)#
27664,iq}ނ#iq(|)#iq(|gC)#
27668,iq}ނ#iq(|)#
27669,iq#iq#
27674,iq}Â#iq}#iq}#iq}܂#iq}앗#iqy](|Օ)#iq\](|ω)#
27687,iqy](|Օ)#iq\](|ω)#
27688,ՕdCSՕ#ՕdCSux#ՕdCS#
27689,iq}Â#iq}#iq\](|ω)#iq\](ω|ɗ\)#
27693,iqy](|Օ)#iq\](|ω)#
27697,iqy](|Օ)#iq\](|ω)#
27698,iqy](|Օ)#iq\](|ω)#
27702,iq}܂#iq}앗#iqy](|Օ)#iqy](Օ|grc)#
27704,iqQ}TCY#iq}Â#iq}܂#iq}Ci[#iqy](|Օ)#iq\](|ω)#
27707,iqy](|Օ)#iq\](|ω)#
27708,iq}#iq#
27709,iq}#iq#
27710,iqy](|Օ)#iq\](|ω)#
27713,iq}#iq#
27717,iq}#iq#
27720,iq}܂#iq}앗#iqy](|Օ)#
27722,iq}Â#iq}#iq\](|ω)#
27724,iqQ}TCY#iq}Â#iq}#iq}܂#iq}Ci[#iq#iqy](|Օ)#iq\](|ω)#
27728,iq}Â#iq}#iq\](|ω)#
27729,iq}Â#iq}#iq}܂#iq}앗#iqy](|Օ)#iq\](|ω)#
27737,iqy](|Օ)#iq\](|ω)#
27743,iq}#iq#
27751,iq}Â#iq}#iq}܂#iq}앗#iqy](|Օ)#iq\](|ω)#
27760,iq}#iq#
27761,iqy](|Օ)#iq\](|ω)#
27762,iq}#iq#
27774,iqq#iq\](R|l)#
27775,iq}Â#iq}#iq\](ɗ\|R)#
27778,iq}FaC#iqq#iq\](R|l)#
27783,iq}Â#iq}#iq\](ω|ɗ\)#iq\](ɗ\|R)#
27786,iq}FaC#iqq#iq\](R|l)#
27792,iq}FaC#iqq#
27795,iqq#iq\](R|l)#
27796,iq}Â#iq}#iq\](ɗ\|R)#
27797,iq}Â#iq}#iq\](ω|ɗ\)#
27800,iqq#iq\](R|l)#
27801,iq}FaC#iq\](l|Fa)#
27805,iq}FaC#iqq#
27806,iq}FaC#iq\](l|Fa)#
27808,iq}FaC#iq\](l|Fa)#iq\y#
27811,ɗ\SPn#ɗ\STn#ɗ\SRn#ɗ\SQn#
27812,ɗ\SPn#ɗ\STn#ɗ\Sl#ɗ\SQn#
27816,ɗ\SPn#ɗ\STn#ɗ\SRn#ɗ\SQn#
27818,ɗ\SPn#ɗ\STn#ɗ\SRn#ɗ\SQn#
27821,iq}Â#iq}#iq\](ω|ɗ\)#
27823,iqq#iq\](R|l)#
27824,iq\](l|Fa)#iq\y#
27834,ɗ\SPn#ɗ\STn#ɗ\SRn#ɗ\SQn#
27835,ɗ\SPn#ɗ\STn#ɗ\SRn#ɗ\SQn#
27837,ɗ\STn#ɗ\SRn#
27845,ɗ\SPn#ɗ\STn#ɗ\SRn#ɗ\SQn#
27849,iqq#iq\](R|l)#
27860,iqq#iq\](R|l)#
27862,ɗ\STn#ɗ\SRn#
27866,iq}Â#iq}#iq\](ɗ\|R)#
27867,iq}Â#iq}#iq\](ω|ɗ\)#
27869,iqq#iq\](R|l)#
27891,iq}Â#iq}FaC#iq}#iqq#iq\](ɗ\|R)#iq\](R|l)#
27894,ɗ\SS#ɗ\Sl#ɗ\S͌#
27895,ɗ\SPn#ɗ\SRn#ɗ\SQn#ɗ\SUn#
27899,ɗ\SPn#ɗ\STn#ɗ\SRn#ɗ\SQn#ɗ\SUn#
27900,ɗ\STn#ɗ\SRn#
27903,iqq#iq\](R|l)#
27907,iq}FaC#iqq#iq\](R|l)#iq\](l|Fa)#
27913,iq}#iqy](m|E)#
27917,iq}#iqy](m|E)#
27927,iq}#iqy](m|E)#
27942,iq}܂#iq}앗#iqy](grc|m)#
27949,Ƃłʈɖ#Ƃłʎs#
27964,iq}#iqy](m|E)#y낵S#
27968,iq}#iq}܂#iq}앗#iqy](grc|m)#iqy](m|E)#
27976,iq}܂#iq}앗#iqy](grc|m)#y낵S߂EȂ͂#
27982,iq}#iqy](m|E)#
27993,iq}#iqy](m|E)#
28000,ƂłʌƐ#Ƃłʎs#
28007,iq}#y낵S#
28010,iq}#y낵S#
28013,iq}#iqy](m|E)#
28014,iq}#y낵S#
28020,iq}܂#iq}앗#iqy](grc|m)#
28022,iq}#y낵Shѐ#y낵S#
28035,ƂłʎV#Ƃłʎs#
28050,iq\y#y낵S#
28052,snS`#snS#
28054,iq}߂#iq{(i`|)#iq{#
28055,SV_喴c#SV_喴c}s(|Ԕ)#SV_喴c}s(|S)#
28061,iq{(|F{)#iq{#
28062,iq}#iqk䂽(|)#iqk䂽#
28075,iq}#iqv{(vā|c)#
28077,iq}\jbN#iq}ɂ#iqL{(i`|啪)#
28080,iqk䂽(|)#iqk䂽#
28088,iq{(|F{)#iq{#
28089,SV_喴c#SV_喴c}s(|Ԕ)#SV_喴c}s(|S)#SV_喴c}#
28090,SV_喴c#SV_喴c}s(|S)#
28091,snS`#snS#
28093,iq}L#iq{(|F{)#iq{#SÖؐ#SV_喴c}#
28098,iq}߂#iq}\jbN#iq{(i`|)#iq{#iqk䂽(ܔ|)#iqk䂽#iqᏼ#
28102,SLː#snS#
28105,iq}\jbN#iq{(i`|)#iq{#iqŐ(Ł|ˍ)#iqŐ(Ł|F)#
28110,SV_喴c#SV_喴c}s(|Ԕ)#SV_喴c}s(|S)#
28113,iqk䂽(|)#iqk䂽#
28114,}LSɓc#}LSc#
28135,iqk䂽(|)#iqk䂽#
28139,SÖؐ#SV_喴c#
28144,iqV#iqV΂#iq}L#iq}#iq}ӂ̐X#iq{(|F{)#iq{#iqv{(vā|c)#
28146,iq}߂#iq}\jbN#iq{(i`|)#iq{#iqk䂽#
28149,iq}#iqc#iqk䂽(|)#iqk䂽#
28152,iq{(i`|)#iq{#
28155,iqV̂#iqVЂ(|)#iqV(V|)#iqV݂#iqV#iq}߂#iq}\jbN#iq}ɂ#iq{(i`|)#iq{#iqRz{(ց|q)#iqL{(i`|啪)#iqcFR#kBssm[q#
28156,iqk䂽(|)#iqk䂽#
28157,iq{(i`|)#iq{#iqL{(i`|啪)#
28167,iqk䂽(|)#iqk䂽#
28177,SÖؐ#SV_喴c#
28179,SV_喴c#SV_喴c}s(|Ԕ)#SV_喴c}s(|S)#
28184,iq}#iq㓡#iqk䂽(|)#iqk䂽#
28185,SÖؐ#SV_喴c}#
28190,iqL{(i`|啪)#iqcFR#
28196,iq}L#iq{(|F{)#iq{#
28201,iqcFR#}LSɓc#}LSc#
28202,iq㓡#iqcFR#}LSc#
28205,iq}#iqv{(vā|c)#
28208,SÖؐ#SV_喴c#SV_喴c}#
28211,iqŐ(Ł|F)#iqk䂽(|)#iqk䂽#
28214,iq}#iqv{(vā|c)#
28215,SV_喴c#SV_喴c}s(|Ԕ)#SV_喴c}s(|S)#
28220,iq{(i`|)#iq{#
28221,iqk䂽(|)#iqk䂽#
28233,SV_喴c#SV_喴c}s(|S)#
28234,SÖؐ#SV_喴c#
28236,snS`#snS#
28237,iqk䂽(|)#iqk䂽#
28239,iq}߂#iq{(i`|)#iq{#
28240,snS`#snS#
28246,iq}߂#iq}\jbN#iq{(i`|)#iq{#
28253,snS`#snS#
28258,iqk䂽(|)#iqk䂽#
28260,iq{(i`|)#iq{#iqL{(i`|啪)#iqcFR#
28261,snS`#snS#
28264,SV_喴c#SV_喴c}s(|Ԕ)#SV_喴c}s(|S)#
28267,SÖؐ#SV_喴c#SV_喴c}s(|Ԕ)#SV_喴c}#
28273,SV_喴c#SV_喴c}s(|Ԕ)#SV_喴c}s(|S)#SV_喴c}#
28275,Sɕ{#SV_喴c#SV_喴c}s(|Ԕ)#SV_喴c}s(|S)#SV_喴c}#
28276,SÖؐ#SV_喴c}#
28280,iq}#iqk䂽(|)#iqk䂽(ܔ|)#iqk䂽#}LSɓc#
28282,iq}L#iq{(|F{)#iq{#
28283,iqV̂#iqVЂ(|)#iqV(V|)#iqV݂#iqV#iqV΂#iq}L#iq}#iq}#iq}߂#iq}\jbN#iq}nEXe{X#iq}݂ǂ#iq}#iq}ӂ̐X#iq{(i`|)#iq{(|F{)#iq{#iq#iqk䂽(|)#iqk䂽#snS`#
28291,SÖؐ#SV_喴c#SV_喴c}s(|Ԕ)#SV_喴c}#
28293,iq{(|F{)#iq{#iqc#
28294,iqk䂽(|)#iqk䂽#
28305,iq}߂#iq{(i`|)#iq{#
28311,iq}#iq}nEXe{X#iq}݂ǂ#iq}#iq}ӂ̐X#iq{(|F{)#iq{#
28313,iqV΂#iq{(|F{)#iq{#
28327,SV_喴c#SV_喴c}s(|Ԕ)#SV_喴c}s(|S)#
28332,SV_喴c#SV_喴c}s(|S)#
28335,iqL{(i`|啪)#iqcFR#
28337,iq{(|F{)#iq{#
28341,SÖؐ#SV_喴c#SV_喴c}s(|Ԕ)#
28343,iq}(Õl|)#snS`#
28344,iq}߂#iq{(i`|)#iq{#iqRz{(ց|q)#iqL{(i`|啪)#
28345,iq}߂#iq{(i`|)#iq{#iqL{(i`|啪)#
28349,SV_喴c#SV_喴c}s(|Ԕ)#SV_喴c}s(|S)#SV_喴c}#snSG#
28350,SÖؐ#SV_喴c#
28351,iq}߂#iq{(i`|)#iq{#
28353,iq}\jbN#iq}ɂ#iqL{(i`|啪)#}LSc#
28354,iqk䂽(|)#iqk䂽#
28356,iq}#iq}߂#iq{(i`|)#iq{#iqk䂽(|)#iqk䂽#
28360,iqŐ(Ł|ˍ)#SLː#
28362,iq}nEXe{X#iq}݂ǂ#iqې#YSB(Lc|ɖ)#
28364,iq}(Á|ɖ)#YSB(Lc|ɖ)#YSB(ɖ|)#
28373,iqÐ#iq}(Á|ɖ)#
28378,iqÐ#iq}(Õl|)#iq}(Á|ɖ)#
28383,iq{(|F{)#iq{#ÖؓS#
28386,iqÐ#iq{#
28389,iq}#iq}nEXe{X#iq}݂ǂ#iqÐ#iq{#
28395,iq}nEXe{X#iq}݂ǂ#iqې#
28399,iq}L#iq}#iq}nEXe{X#iq}݂ǂ#iq}#iq}ӂ̐X#iq{(|F{)#iq{#iq{#
28403,iqÐ#iq{#
28406,iqÐ#iq}(Õl|)#
28416,iq}#iq{#
28423,iq}#iq}nEXe{X#iq}݂ǂ#iqې#iq{#
28432,iqÐ#iq}(Á|ɖ)#
28437,dCOPn#dCORn#
28443,iq}#iq呺#iqV[TChCi[#iq{#iq{(||)#S#
28450,dCOPn#dCORn#
28452,iq}#iqV[TChCi[#iq{#iq{(||)#
28453,dCOPn#dCORn#
28454,dCOPn#dCORn#
28462,dCOPn#dCORn#
28464,iq呺#iqV[TChCi[#
28473,iq呺#iqV[TChCi[#
28474,dCOPn#dCOSn#
28475,iqV[TChCi[#iq{#iq{(||)#
28479,dCOTn#dCORn#dCOSn#
28490,iq}݂ǂ#iqV[TChCi[#iqې#YSB(ɖ|)#
28492,dCOPn#dCOSn#
28493,dCOPn#dCORn#
28495,dCOPn#dCOSn#
28502,dCOTn#dCORn#dCOSn#
28503,dCOTn#dCORn#dCOSn#
28505,dCOPn#dCORn#
28507,dCOTn#dCORn#dCOSn#
28511,dCOPn#dCORn#
28512,iq呺#iqV[TChCi[#
28517,dCOPn#dCORn#
28518,iq呺#iqV[TChCi[#
28523,dCOPn#dCORn#
28524,iqV[TChCi[#iqې#
28527,dCOPn#dCOTn#
28533,iq}#iqV[TChCi[#iq{#iq{(||)#
28534,dCOPn#dCORn#
28536,dCOPn#dCORn#
28539,dCOTn#dCOSn#
28541,iq{#iq{(||)#
28545,dCOPn#dCOTn#
28547,iq}nEXe{X#iq}݂ǂ#iq呺#iqV[TChCi[#iqې#
28548,iq}nEXe{X#iq呺#iqV[TChCi[#
28550,dCOPn#dCORn#
28552,iqV[TChCi[#iqې#
28563,dCOTn#dCORn#dCOSn#
28572,dCOPn#dCORn#
28579,dCOPn#dCORn#
28581,dCOPn#dCORn#
28585,dCOPn#dCORn#
28587,iq}#iq}Bf}#iqL{#
28588,iq}#iq}Bf}#iqL{#
28591,iq{(|F{)#iq{#
28602,iq{(F{|)#iqOp#
28613,iq{(|F{)#F{dCS(F{|kF{)#
28617,F{sd`n#F{sdan#
28618,iq{(F{|)#iqOp#
28623,F{dCS(F{|kF{)#F{dCS({O|u)#
28626,iqV݂#iqV#iqV΂#iq}#iq}킹݁E܂#iq}Bf}#iq{(|F{)#iq{(F{|)#iqL{#iqOp#
28630,F{sd`n#F{sdan#
28633,F{sd`n#F{sdan#
28635,F{sd`n#F{sdan#
28636,F{sd`n#F{sdan#
28637,F{sd`n#F{sdan#
28639,F{sd`n#F{sdan#
28641,F{sd`n#F{sdan#
28649,F{sd`n#F{sdan#
28650,F{sd`n#F{sdan#
28651,F{sd`n#F{sdan#
28653,iq}#iq}Bf}#iqL{#
28657,iq}#iq}Bf}#iqL{#
28658,F{sd`n#F{sdan#
28659,F{sd`n#F{sdan#
28660,F{sd`n#F{sdan#
28672,iq}#iq}Bf}#iqL{#숢hS#
28680,F{sd`n#F{sdan#
28682,F{sd`n#F{sdan#
28683,F{sd`n#F{sdan#
28692,F{sd`n#F{sdan#
28701,iq}#iq}Bf}#iqL{#
28707,iq}킹݁E܂#iqF(|lg)#iqF(lg|g)#
28716,F{sd`n#F{sdan#
28722,iq}#iq}Bf}#iqL{#
28724,iq}#iq}Bf}#iqL{#
28727,iq}킹݁E܂#iq{(F{|)#iqF(|lg)#F񂶓S#
28734,iq}#iq}ӂ̐X#iqv{(c|Rz@)#
28739,iq}\jbN#iq}ɂ#iqL{(i`|啪)#
28740,iq}ɂ#iqL{(啪|)#
28742,iq}Bf}#iq}\jbN#iq}ɂ#iq}#iq}ӂ̐X#iqv{(Rz@|啪)#iqL{(i`|啪)#iqL{(啪|)#iqL{#
28747,iq}Bf}#iqL{#
28757,iq}\jbN#iq}ɂ#iqL{(i`|啪)#
28760,iq}ɂ#iqL{(啪|)#iqL{(|{)#
28775,iq}ɂ#iqL{(啪|)#
28776,iq}ɂ#iqL{(啪|)#
28777,iqv{(vā|c)#iqcFR#
28781,iq}\jbN#iq}ɂ#iqL{(i`|啪)#
28782,iq}Bf}#iqL{#
28792,iq}#iq}ӂ̐X#iqv{(vā|c)#iqv{(c|Rz@)#iqcFR#
28796,iq}Bf}#iqL{#
28799,iq}Bf}#iqL{#
28802,iq}#iqv{(c|Rz@)#
28804,iq}#iq}ӂ̐X#iqv{(c|Rz@)#
28805,iq}Bf}#iq}\jbN#iq}ɂ#iq}#iq}ӂ̐X#iqL{(i`|啪)#
28808,iq}Bf}#iqL{#
28811,iq}#iqv{(Rz@|啪)#
28812,iq}\jbN#iq}ɂ#iqL{(i`|啪)#
28813,iq}#iqv{(Rz@|啪)#
28814,iq}#iq}ӂ̐X#iqv{(c|Rz@)#iqv{(Rz@|啪)#
28815,iqv{(vā|c)#iqcFR#
28835,iq}ɂ#iq}Ђイ#iqL{(|{)#
28846,iq}肵#iqL{({|)#
28852,iq}ɂ#iq}Ђイ#iqL{(|{)#
28858,iq}ɂ#iq}Ђイ#iqL{(|{)#
28862,iq}肵#iqL{({|)#
28863,iq}ɂ#iq}Ђイ#iqL{(|{)#
28868,iq}肵#iqL{({|)#
28870,iq}ɂ#iq}Ђイ#iqL{(|{)#
28878,iq}ɂ#iq}Ђイ#iqL{(|{)#
28897,iq}ɂ#iq}Ђイ#iqL{(|{)#
28899,iq}肵#iq}ɂ#iq}Ђイ#iqL{({|)#iq#
28900,iq}肵#iqL{({|)#
28902,iq}肵#iqgs#iqL{({|)#
28903,iq}肵#iq}ɂ#iq}Ђイ#iqL{(|{)#iqL{({|)#iq#
28904,iq}ɂ#iq}Ђイ#iq{`#
28905,iq}ɂ#iq}Ђイ#iqL{(|{)#
28908,iq}肵#iqL{({|)#
28912,sdPn#sdQn#
28916,iqV#iqV΂#F񂶓S#
28918,sdPn#sdQn#
28919,iq}wĥ܂Ĕ#iqwh(|R)#
28933,iq}肵#iq}͂Ƃ̕#iqL{({|)#
28934,sdPn#sdQn#
28936,iq}肵#iqL{({|)#
28943,iq}wĥ܂Ĕ#iqwh(|R)#
28947,iq}肵#iqL{({|)#
28954,sdPn#sdQn#
28958,sdPn#sdQn#
28959,iq}肵#iqL{({|)#
28965,sdPn#sdQn#
28976,sdPn#sdQn#
28984,iqV#iqV΂#iq{(|)#F񂶓S#
28987,sdPn#sdQn#
28993,iq}肵#iqL{({|)#
28995,sdPn#sdQn#
29007,iqV݂#iqV#iqV΂#iq}wĥ܂Ĕ#iq}肵#iq}͂Ƃ̕#iqwh(|R)#iq{(|)#iqL{({|)#
29012,iq}肵#iq}͂Ƃ̕#iqL{({|)#iqF(g|l)#
29026,iqwh(|R)#iqwh(R|)#
29028,iq}͂Ƃ̕#iqgs#iqF(lg|g)#iqF(g|l)#
29043,iq}X[p[#iq}X[p[܂#iqRA{(|Ďq)#
29087,iq#iq{`#
29090,OsakaMetroO#OsakaMetro䓰ؐ#OsakaMetrol#
29108,iqВEECERz#iqCERz{#
29158,iqВEECERz#iqВEEmR#
29159,iqВEECERz#iqВEEmR#
29160,iqВEECERz#iqВEEmR#
29161,iqВEECERz#iqВEEmR#
29162,iqВEECERz#iqВEEmR#
29163,iqВEECERz#iqВEEmR#
29164,iqВEECERz#iqВEEmR#
29177,iql#iql#
29187,iqV#iqV͂#iqC#
29194,g#gk#
29199,iq}#y낵Shѐ#
29201,iq}#y낵Shѐ#
29202,ssc#ssc(ˁ|`V_)#
29203,ssc#ssc(ˁ|`V_)#
29204,ssc#ssc(ˁ|`V_)#
29205,ssc#ssc(ˁ|`V_)#
29211,iqm#iqMz{(m|)#
29213,undefined#undefined#undefined#undefined#
29217,OsakaMetro#OsakaMetroj[g#
29221,iq}#iq#
29224,dCOPn#dCORn#
29256,Sݖ#S{#
29277,iq}#iq}nEXe{X#iq}݂ǂ#iqÐ#iq{#
29312,sc#sck#
29315,iqlkEݐ#iq(|)#iqk{(|Fs{)#
29322,cXJCANZXANZX}#kSk#
29325,gk#sc]ː#
29326,gk#scOc#
29327,gk#scOc#
29331,gsS#sc]ː#
29336,΃GNXvX#΃GNXvX#΃GNXvXԉ#sc]ː#
29338,g#sc]ː#
29373,iqΓkC#iqk{(|m)#
29374,LdSV#LdSW#
29375,LdSP#LdSQ#LdSU#
29376,LdSR#LdSV#LdSQ#LdSU#
29380,iq|HCi[#iq(L|L)#
29391,iqV#iqV΂#iq}#iq}nEXe{X#iq}݂ǂ#iq{#
29394,iqV#iqV΂#iq}킹݁E܂#iq{(F{|)#
29395,iqV#iqV΂#F񂶓S#
29397,΃GNXvX#΃GNXvX#΃GNXvXԉ#
29400,΃GNXvX#΃GNXvXԉ#
29401,΃GNXvX#΃GNXvXԉ#
29403,΃GNXvX#΃GNXvX#΃GNXvXԉ#c({|)#
29404,΃GNXvX#΃GNXvXԉ#
29410,΃GNXvX#΃GNXvXԉ#
29438,sc]ː#肩#
29471,iq{(i`|)#iq{#
29480,݂ȂƂ݂炢}#݂ȂƂ݂炢}s#݂ȂƂ݂炢#
29481,݂ȂƂ݂炢}s#݂ȂƂ݂炢#
29482,݂ȂƂ݂炢}s#݂ȂƂ݂炢#
29483,݂ȂƂ݂炢}#݂ȂƂ݂炢}s#݂ȂƂ݂炢#
29484,iqVƂ#iqVɂ#iqV#
29487,iq(L|L)#iqRz{(R|⍑)#
29494,iqȐ#iqÓVhC#iqz(|)#iqѐ#
29506,iq}xmV#xm}stWT}#xm}s#
29529,S튊E`~[XJC#S튊E`}(_{O|`)#S튊E`}#
29546,LSc{(Ԋ)#LSc{(^O)#
29552,iqRz{(R|⍑)#iq(R|V)#
29563,iq}#iq}Bf}#iqL{#
29588,iq֐(m|)#iqk{(|)#
29590,iq{(b{|{)#iq{(Ð|{)#
29592,iqВEECERz#iqCERz{#
29594,SO#SO}s#
29595,SO#SO}s#
29598,ssc#ssc(ˁ|`V_)#
29599,ssc#ssc(ˁ|`V_)#
29607,iqCERz{#iqCERz{#iqCEmR#
29608,iqВEECERz#iqCERz{#
29609,iqRz{(PH|R)#iqCERz{#
29610,iqԕ#iqRz{(PH|R)#
29642,S}s(gǋgc|V)#S(|V)#
29648,iqCERz{#iqCERz{#iqCEmR#
29649,㒆VE{}#㒆VE{#
29650,㒆VE{}#㒆VE{#
29651,㒆VE{}#㒆VE{#
29652,㒆VE{}#㒆VE{#
29653,_Ȃΐ}s#_Ȃΐ#
29672,}GA|[g(Hc`|x)#}`#}`#
29681,iqV͂#iqV邬#iq[#
29682,iq鋞ESʐ#SVl#
29690,iq{(F{|)#iqOp#
29704,C}TU#C#
29707,xRnS{#xRnSR#
29716,iqDnaqs(C|)#iqDnaqs(O|)#
29720,iqDnaqs(C|)#iqDnaqs(O|)#
29721,_ˍ(}})#_ˍ(Rz)#}_˖{#}_˖{}#
29722,_Rzʓ}#_{}#_{}s#_{#
29732,oRSoRP[u#[vEFC(_R|OJ)#
29733,[vEFC(_R|OJ)#[vEFC(OJ|)#
29747,iqDnaqs(C|)#iqDnaqs(O|)#
29748,iq#iqRz{(R|⍑)#LʃAXgC#
29751,xRnSPn#xRnSQn#xRnSRn#xRnSxR`#
29769,iqВEECERz#iqCERz{#
29772,iqDnaqs(C|)#iqDnaqs(O|)#
29774,iq{(F{|)#iqOp#
29784,iq}ʂ#}#}oeB#S{#
29788,iqCERz{#iqCEmR#
29790,dCOTn#dCOSn#
29814,iqCaqs#iqCaqs({g|C)#
29816,iqDnaqs(C|)#iqDnaqs(O|)#
29817,iqq#iq\](R|l)#
29824,P[u#냍[vEF[#
29844,iqDnaqs(C|)#iqDnaqs(O|)#
29845,iqDnaqs(C|)#iqDnaqs(O|)#
29846,iqDnaqs(C|)#iqDnaqs(O|)#
29847,iqH{(Hc|\)#iqj#
29862,[肷J[#R[vEFC#
29872,{[vEG[q#{[vEG[gtJ#
29886,MqRP[uJ[#MqRX[vJ[#
29891,iqDnaqs(C|)#iqDnaqs(C|㎭)#
29904,[vEFCR#[vEFCR[#
29908,iqCaqs#iqCaqs({g|C)#
29909,iqCaqs#iqCaqs({g|C)#
